"x","y","z","t","class"
1.7999,-0.6006,-0.9876,2021-12-18 14:07:40,2
-0.4456,0.1279,-0.7905,2021-12-18 14:07:41,2
0.0838,-0.0432,0.0428,2021-12-18 14:07:42,2
0.124,0.1562,0.0478,2021-12-18 14:07:43,2
-0.2661,0.537,0.1779,2021-12-18 14:07:44,2
-1.0052,-1.7193,2.6994,2021-12-18 14:07:45,2
1.44,-4.1709,-7.3297,2021-12-18 14:07:46,2
5.5526,18.3253,-8.0608,2021-12-18 14:07:47,2
-10.1302,-10.8809,-3.8684,2021-12-18 14:07:48,2
0.4463,-12.8086,-1.0297,2021-12-18 14:07:49,2
0.1216,-0.5073,-7.0926,2021-12-18 14:07:50,2
-0.7449,-1.2698,1.2067,2021-12-18 14:07:51,2
-5.2275,-2.8736,5.6661,2021-12-18 14:07:52,2
4.1425,-2.824,-5.4085,2021-12-18 14:07:53,2
-0.3845,1.1981,-0.5861,2021-12-18 14:07:54,2
0.3954,-2.3509,4.3072,2021-12-18 14:07:55,2
0.1481,0.0385,0.0768,2021-12-18 14:07:56,2
0.6143,0.1786,-0.2253,2021-12-18 14:07:57,2
0.1446,0.1872,0.5085,2021-12-18 14:07:58,2
-0.3232,-0.2971,0.2895,2021-12-18 14:07:59,2
-0.3944,0.0704,-0.1952,2021-12-18 14:08:00,2
-0.2572,0.00679999999999999,0.5966,2021-12-18 14:08:01,2
0.7094,15.0171,-4.6666,2021-12-18 14:08:02,2
1.9371,-19.3642,3.282,2021-12-18 14:08:03,2
0.7176,-6.0292,-0.2073,2021-12-18 14:08:04,2
-4.8758,-3.9553,-6.3954,2021-12-18 14:08:05,2
0.297199999999999,8.1944,-3.5283,2021-12-18 14:08:06,2
0.7957,-8.4829,-1.0916,2021-12-18 14:08:07,2
-0.7413,1.4991,-13.1859,2021-12-18 14:08:08,2
7.0119,12.3764,-12.0444,2021-12-18 14:08:09,2
-3.6625,-1.3483,3.9855,2021-12-18 14:08:10,2
-13.6744,-27.4044,8.63,2021-12-18 14:08:11,2
-3.5256,2.0804,-4.9853,2021-12-18 14:08:12,2
5.5894,-4.9797,-5.4249,2021-12-18 14:08:13,2
-5.4176,0.3234,6.0914,2021-12-18 14:08:14,2
-3.5775,7.5454,7.1686,2021-12-18 14:08:15,2
2.4788,4.3685,-7.0657,2021-12-18 14:08:16,2
-1.5662,-0.4979,0.1776,2021-12-18 14:08:17,2
0.0823,0.1918,-0.2575,2021-12-18 14:08:18,2
1.8491,0.2931,0.9273,2021-12-18 14:08:19,2
1.991,-1.715,-6.7366,2021-12-18 14:08:20,2
-20.6872,7.0542,8.3418,2021-12-18 14:08:21,2
4.8732,-3.2939,4.9716,2021-12-18 14:08:22,2
-0.4658,-0.5422,4.7543,2021-12-18 14:08:23,2
-1.325,3.8514,-6.1864,2021-12-18 14:08:24,2
2.0826,0.6202,-2.3497,2021-12-18 14:08:25,2
-1.162,0.5493,5.4918,2021-12-18 14:08:26,2
-9.7389,3.9143,1.7689,2021-12-18 14:08:27,2
2.9068,-11.618,8.3871,2021-12-18 14:08:28,2
1.8631,-6.29,-3.2316,2021-12-18 14:08:29,2
10.3387,13.3243,-6.8519,2021-12-18 14:08:30,2
-0.2812,-3.0197,-0.023,2021-12-18 14:08:31,2
-0.7271,-1.0366,-1.1111,2021-12-18 14:08:32,2
-1.816,1.3693,8.748,2021-12-18 14:08:33,2
0.00629999999999997,10.9132,-0.2162,2021-12-18 14:08:34,2
-4.9689,-7.1981,4.7217,2021-12-18 14:08:35,2
0.45,-2.1238,1.0817,2021-12-18 14:08:36,2
6.7242,4.8984,-4.015,2021-12-18 14:08:37,2
8.1375,-2.8002,-3.0039,2021-12-18 14:08:38,2
4.425,-1.5489,-2.3524,2021-12-18 14:08:39,2
-18.1228,-56.4583,9.8713,2021-12-18 14:08:40,2
6.017,20.7169,3.7878,2021-12-18 14:08:41,2
-3.272,-1.2011,-3.5843,2021-12-18 14:08:42,2
2.1589,-2.0709,-3.4681,2021-12-18 14:08:43,2
0.7761,2.8554,0.6107,2021-12-18 14:08:44,2
-1.2599,-2.5659,-1.5909,2021-12-18 14:08:45,2
-1.8402,24.5434,-10.3023,2021-12-18 14:08:46,2
-2.9508,-5.8036,0.0285,2021-12-18 14:08:47,2
-1.3485,-7.0115,-0.9005,2021-12-18 14:08:48,2
-1.1798,13.6569,-6.4299,2021-12-18 14:08:49,2
-2.3135,-6.795,-1.0414,2021-12-18 14:08:50,2
93.1969999999999,21.2439,11.3605,2021-12-18 14:08:51,2
3.4216,0.3092,-9.0415,2021-12-18 14:08:52,2
8.2806,-40.7201,6.6838,2021-12-18 14:08:53,2
1.3154,7.8788,4.3102,2021-12-18 14:08:54,2
5.5258,9.7951,6.7552,2021-12-18 14:08:55,2
3.321,7.2113,-3.5538,2021-12-18 14:08:56,2
3.8429,12.3166,0.7654,2021-12-18 14:08:57,2
-4.868,-5.2575,1.5133,2021-12-18 14:08:58,2
-0.8424,0.3318,5.4131,2021-12-18 14:08:59,2
-5.398,-7.4339,1.561,2021-12-18 14:09:00,2
4.4137,0.8937,-1.8341,2021-12-18 14:09:01,2
-6.5134,3.3918,16.1099,2021-12-18 14:09:02,2
1.387,-1.8363,2.7632,2021-12-18 14:09:03,2
-1.1503,-7.0106,0.5964,2021-12-18 14:09:04,2
-1.7844,-3.4094,0.2046,2021-12-18 14:09:05,2
0.0448999999999999,-3.8547,-2.0778,2021-12-18 14:09:06,2
11.061,3.2262,-7.493,2021-12-18 14:09:07,2
-0.6017,-0.3493,-2.1816,2021-12-18 14:09:08,2
-1.8817,-7.6605,4.3738,2021-12-18 14:09:09,2
17.4978,36.7861,6.1904,2021-12-18 14:09:10,2
-1.8229,0.8451,0.5056,2021-12-18 14:09:11,2
-2.9278,-2.5843,1.5917,2021-12-18 14:09:12,2
-0.7173,0.1092,-0.5346,2021-12-18 14:09:13,2
-0.9819,-4.4246,-0.0957,2021-12-18 14:09:14,2
3.3141,2.8359,-3.2427,2021-12-18 14:09:15,2
2.2385,3.7223,2.3343,2021-12-18 14:09:16,2
10.9745,1.9315,-3.8433,2021-12-18 14:09:17,2
-1.6118,6.3856,5.2978,2021-12-18 14:09:18,2
-4.3739,-10.0618,2.562,2021-12-18 14:09:19,2
-0.7296,-1.5258,0.0299,2021-12-18 14:09:20,2
-2.2334,6.2567,3.6319,2021-12-18 14:09:21,2
0.563,-5.0706,0.2413,2021-12-18 14:09:22,2
-4.0048,-7.2847,1.3196,2021-12-18 14:09:23,2
-5.5738,-6.6702,1.4238,2021-12-18 14:09:24,2
2.3209,1.6546,-1.0762,2021-12-18 14:09:25,2
-1.3269,-5.5182,1.3704,2021-12-18 14:09:26,2
3.6131,-0.2358,1.2149,2021-12-18 14:09:27,2
1.2212,2.377,-1.5832,2021-12-18 14:09:28,2
-4.3027,-8.0503,2.9028,2021-12-18 14:09:29,2
-2.2278,-1.964,-0.1956,2021-12-18 14:09:30,2
-1.7834,-5.1209,0.0192,2021-12-18 14:09:31,2
1.5866,4.5477,2.3539,2021-12-18 14:09:32,2
14.5521,10.0498,6.7272,2021-12-18 14:09:33,2
-0.016,-4.2647,-0.4601,2021-12-18 14:09:34,2
0.9933,2.7567,-8.3451,2021-12-18 14:09:35,2
-0.0742,0.112,0.3834,2021-12-18 14:09:36,2
0.3296,0.11,1.3544,2021-12-18 14:09:37,2
-3.6501,-1.1074,8.5979,2021-12-18 14:09:38,2
1.1878,0.019,1.6244,2021-12-18 14:09:39,2
-7.214,7.9136,-2.7087,2021-12-18 14:09:40,2
-3.1488,-3.2303,1.6863,2021-12-18 14:09:41,2
-0.7463,-3.6189,-1.7182,2021-12-18 14:09:42,2
2.727,24.3823,14.125,2021-12-18 14:09:43,2
-2.5827,-6.4254,-4.5769,2021-12-18 14:09:44,2
4.3824,4.9916,-1.8604,2021-12-18 14:09:45,2
-14.0106,35.7232,-114.8298,2021-12-18 14:09:46,2
-0.4641,-2.773,2.504,2021-12-18 14:09:47,2
-1.787,3.2086,-5.3386,2021-12-18 14:09:48,2
1.5776,-2.5816,3.2946,2021-12-18 14:09:49,2
1.4729,2.04,5.8937,2021-12-18 14:09:50,2
-3.0096,-0.1937,1.433,2021-12-18 14:09:51,2
-0.157,1.2691,5.2499,2021-12-18 14:09:52,2
-0.0339,1.7,0.4702,2021-12-18 14:09:53,2
-1.0463,-1.9614,2.5215,2021-12-18 14:09:54,2
0.4396,1.6405,-4.4649,2021-12-18 14:09:55,2
1.0781,-0.0213,1.3148,2021-12-18 14:09:56,2
0.7668,1.1527,-2.6992,2021-12-18 14:09:57,2
2.1305,1.7685,4.2803,2021-12-18 14:09:58,2
0.1361,2.8661,-5.8613,2021-12-18 14:09:59,2
-5.7197,2.3537,-4.9151,2021-12-18 14:10:00,2
-0.1302,-1.3669,-4.6519,2021-12-18 14:10:01,2
1.8506,0.5591,-1.218,2021-12-18 14:10:02,2
1.9474,-1.6877,-3.0021,2021-12-18 14:10:03,2
-1.788,-1.0627,0.7919,2021-12-18 14:10:04,2
1.2587,1.318,-2.2616,2021-12-18 14:10:05,2
3.2745,0.8458,-1.5122,2021-12-18 14:10:06,2
-0.5496,0.731,5.6656,2021-12-18 14:10:07,2
-1.0622,1.6673,4.1493,2021-12-18 14:10:08,2
0.6883,1.8939,1.3009,2021-12-18 14:10:09,2
1.6853,0.1591,-1.3899,2021-12-18 14:10:10,2
1.9264,0.1927,-2.7497,2021-12-18 14:10:11,2
-4.6957,0.8967,-14.9307,2021-12-18 14:10:12,2
-0.498,-1.803,-0.448,2021-12-18 14:10:13,2
-1.1132,-1.3876,-0.0154,2021-12-18 14:10:14,2
-2.2277,-0.8601,0.2509,2021-12-18 14:10:15,2
4.3797,-2.5816,-6.0867,2021-12-18 14:10:16,2
-1.9582,-1.7161,-0.8647,2021-12-18 14:10:17,2
1.7531,2.7754,5.5219,2021-12-18 14:10:18,2
2.9186,0.3062,0.5048,2021-12-18 14:10:19,2
-4.6189,-1.2177,-3.6997,2021-12-18 14:10:20,2
-0.6625,-2.8684,-2.9537,2021-12-18 14:10:21,2
-0.8318,-1.2812,-1.9614,2021-12-18 14:10:22,2
-2.5034,1.7687,2.0679,2021-12-18 14:10:23,2
-1.7978,0.8409,-0.6677,2021-12-18 14:10:24,2
0.1764,-0.4687,4.7358,2021-12-18 14:10:25,2
-0.3058,-0.4008,-2.7471,2021-12-18 14:10:26,2
-1.4285,1.7936,5.4752,2021-12-18 14:10:27,2
-0.0709000000000001,2.2018,2.0626,2021-12-18 14:10:28,2
2.3745,-0.8045,2.6625,2021-12-18 14:10:29,2
1.1712,-0.6643,-2.885,2021-12-18 14:10:30,2
0.6522,-1.3654,0.8298,2021-12-18 14:10:31,2
5.985,1.0369,-6.2058,2021-12-18 14:10:32,2
4.7213,1.9289,-3.9352,2021-12-18 14:10:33,2
3.9277,-1.4735,0.6045,2021-12-18 14:10:34,2
-7.5331,1.3636,-1.1305,2021-12-18 14:10:35,2
-2.5989,-0.9179,7.6937,2021-12-18 14:10:36,2
-11.6715,4.4374,2.6584,2021-12-18 14:10:37,2
-5.2533,-3.7617,4.7967,2021-12-18 14:10:38,2
-5.1436,0.2665,4.7065,2021-12-18 14:10:39,2
-9.3735,-4.9791,5.7647,2021-12-18 14:10:40,2
-4.2408,-1.3423,3.61,2021-12-18 14:10:41,2
-1.8491,0.472,-3.0583,2021-12-18 14:10:42,2
-0.6959,-0.7718,-1.3044,2021-12-18 14:10:43,2
0.1257,-3.1402,4.8651,2021-12-18 14:10:44,2
-1.3171,1.2297,0.7638,2021-12-18 14:10:45,2
-3.2696,0.1579,0.8243,2021-12-18 14:10:46,2
1.0619,-0.0725,0.6257,2021-12-18 14:10:47,2
0.0405,0.1686,-0.1963,2021-12-18 14:10:48,2
0.072,0.1038,-0.003,2021-12-18 14:10:49,2
-0.1214,0.0471,0.1783,2021-12-18 14:10:50,2
-0.049,-0.3078,0.3487,2021-12-18 14:10:51,2
-0.8725,0.0058,-0.0918,2021-12-18 14:10:52,2
0.7405,0.3955,0.2826,2021-12-18 14:10:53,2
0.2481,-0.0345,0.3731,2021-12-18 14:10:54,2
-0.0684,0.1554,-0.3146,2021-12-18 14:10:55,2
-0.4136,-0.0782,-0.0554,2021-12-18 14:10:56,2
0.856,-0.3245,-1.6499,2021-12-18 14:10:57,2
0.162,0.1303,0.2313,2021-12-18 14:10:58,2
0.231,0.2159,-1.1421,2021-12-18 14:10:59,2
0.4058,-0.2221,0.7228,2021-12-18 14:11:00,2
18.0065,-5.6959,11.5593,2021-12-18 14:11:01,2
-36.5941,-103.0091,-82.7976,2021-12-18 14:11:02,2
2.3429,-1.9101,6.6537,2021-12-18 14:11:03,2
1.2093,-0.7938,-2.3823,2021-12-18 14:11:04,2
0.8752,0.2873,0.9597,2021-12-18 14:11:05,2
-0.0769,0.0542,0.4516,2021-12-18 14:11:06,2
0.6558,-0.419,-0.122,2021-12-18 14:11:07,2
-0.1588,0.1265,0.2311,2021-12-18 14:11:08,2
0.0287,0.0432,0.051,2021-12-18 14:11:09,2
1.6096,-0.3874,0.1294,2021-12-18 14:11:10,2
0.258,0.00620000000000001,0.3497,2021-12-18 14:11:11,2
0.1061,0.0995,-0.0276,2021-12-18 14:11:12,2
0.0833,0.077,-0.0373,2021-12-18 14:11:13,2
0.1224,0.0825,-0.0464,2021-12-18 14:11:14,2
-0.097,0.424,-0.2027,2021-12-18 14:11:15,2
1.1988,2.9813,-3.7713,2021-12-18 14:11:16,2
-14.8157,69.344,5.7248,2021-12-18 14:11:17,2
-0.0882,-3.9886,0.6437,2021-12-18 14:11:18,2
-213.6098,382.662500000001,282.857,2021-12-18 14:11:19,2
11.6171,4.9384,-2.305,2021-12-18 14:11:20,2
5.0786,5.6534,1.2829,2021-12-18 14:11:21,2
-3.3097,-8.1259,0.8261,2021-12-18 14:11:22,2
-2.9966,-4.3109,-0.6256,2021-12-18 14:11:23,2
0.802,-7.5787,3.6751,2021-12-18 14:11:24,2
-7.0082,4.0422,2.7434,2021-12-18 14:11:25,2
-0.5285,-3.551,3.8154,2021-12-18 14:11:26,2
-1.8457,-16.8943,2.2344,2021-12-18 14:11:27,2
-6.9061,-2.5708,-0.1762,2021-12-18 14:11:28,2
-2.4402,1.3604,1.8101,2021-12-18 14:11:29,2
-1.6876,7.4388,-2.0003,2021-12-18 14:11:30,2
6.895,4.9524,-6.2667,2021-12-18 14:11:31,2
3.1337,1.3481,1.217,2021-12-18 14:11:32,2
-2.7356,-7.9854,0.2739,2021-12-18 14:11:33,2
-0.5893,2.2466,4.4143,2021-12-18 14:11:34,2
5.046,0.6918,-0.6389,2021-12-18 14:11:35,2
2.8662,-1.578,1.4587,2021-12-18 14:11:36,2
1.4816,-6.7481,2.7526,2021-12-18 14:11:37,2
4.0656,1.2957,-0.7917,2021-12-18 14:11:38,2
-0.3182,0.0626000000000002,2.3987,2021-12-18 14:11:39,2
-5.1824,-7.5841,2.8287,2021-12-18 14:11:40,2
-3.9905,-6.1105,1.8748,2021-12-18 14:11:41,2
-1.8429,0.3425,-0.5644,2021-12-18 14:11:42,2
3.7297,6.4697,-0.903,2021-12-18 14:11:43,2
-0.4343,-12.0935,-0.1394,2021-12-18 14:11:44,2
-0.8747,-3.788,-2.9207,2021-12-18 14:11:45,2
0.5273,2.3029,-0.5606,2021-12-18 14:11:46,2
4.965,3.671,0.209,2021-12-18 14:11:47,2
2.6426,1.1222,-1.1564,2021-12-18 14:11:48,2
-5.126,-4.4417,6.7632,2021-12-18 14:11:49,2
-3.8037,-0.5538,2.9348,2021-12-18 14:11:50,2
5.7802,4.8008,1.0214,2021-12-18 14:11:51,2
6.131,8.7165,-2.4064,2021-12-18 14:11:52,2
-2.3493,-4.1023,2.3037,2021-12-18 14:11:53,2
-3.96,-6.2142,2.7826,2021-12-18 14:11:54,2
-6.1404,2.5798,5.5668,2021-12-18 14:11:55,2
-0.9016,1.5429,-1.9522,2021-12-18 14:11:56,2
7.746,5.4027,-7.8114,2021-12-18 14:11:57,2
-3.3891,-5.385,1.9808,2021-12-18 14:11:58,2
-3.1326,-8.5548,1.157,2021-12-18 14:11:59,2
-3.5981,-1.5922,3.4613,2021-12-18 14:12:00,2
2.5247,2.3483,2.2244,2021-12-18 14:12:01,2
8.7842,8.0259,3.1663,2021-12-18 14:12:02,2
-6.5355,-7.22,2.6055,2021-12-18 14:12:03,2
-2.899,-6.7287,-1.8778,2021-12-18 14:12:04,2
2.0289,-0.9531,6.1629,2021-12-18 14:12:05,2
7.1063,11.9297,-4.6125,2021-12-18 14:12:06,2
4.5509,-1.1255,1.7017,2021-12-18 14:12:07,2
2.2748,1.0352,1.304,2021-12-18 14:12:08,2
-2.5975,-9.3845,3.3942,2021-12-18 14:12:09,2
-5.3505,2.0705,1.9026,2021-12-18 14:12:10,2
5.386,8.7127,-0.8105,2021-12-18 14:12:11,2
6.7107,8.1792,-1.4304,2021-12-18 14:12:12,2
2.1698,0.5326,3.2784,2021-12-18 14:12:13,2
2.2705,-5.9678,0.3042,2021-12-18 14:12:14,2
0.4594,3.7095,1.1539,2021-12-18 14:12:15,2
-0.0617,-0.1686,1.8651,2021-12-18 14:12:16,2
3.7864,3.0743,-1.4804,2021-12-18 14:12:17,2
-2.2069,-0.8441,1.3062,2021-12-18 14:12:18,2
-0.2398,0.252,-1.0184,2021-12-18 14:12:19,2
-0.449,0.4851,1.1849,2021-12-18 14:12:20,2
-0.4008,-0.2277,-2.164,2021-12-18 14:12:21,2
-2.0488,4.331,-2.0558,2021-12-18 14:12:22,2
0.7687,0.2323,-1.3914,2021-12-18 14:12:23,2
0.2474,0.0148,-0.1242,2021-12-18 14:12:24,2
-0.963,0.1691,0.0428,2021-12-18 14:12:25,2
-0.9133,0.1299,0.0367,2021-12-18 14:12:26,2
9.8344,12.4818,-13.8433,2021-12-18 14:12:27,2
8.9644,0.5431,-12.4,2021-12-18 14:12:28,2
1.5387,-4.516,-1.7585,2021-12-18 14:12:29,2
-3.7726,-4.1741,-0.7952,2021-12-18 14:12:30,2
-2.4015,-5,5.8749,2021-12-18 14:12:31,2
-2.1132,-2.3173,1.0959,2021-12-18 14:12:32,2
3.184,2.7058,-2.2512,2021-12-18 14:12:33,2
10.9536,15.3505,0.9013,2021-12-18 14:12:34,2
-6.5094,-15.3824,2.0334,2021-12-18 14:12:35,2
-2.3065,-2.0946,2.4377,2021-12-18 14:12:36,2
-0.1859,-3.0551,0.2263,2021-12-18 14:12:37,2
10.4033,8.2651,-6.342,2021-12-18 14:12:38,2
-0.1947,-6.4545,2.5673,2021-12-18 14:12:39,2
-1.9035,-6.6923,-0.8888,2021-12-18 14:12:40,2
-1.5205,-9.0054,0.7349,2021-12-18 14:12:41,2
0.0225,-0.9594,1.3153,2021-12-18 14:12:42,2
0.9754,3.343,1.3699,2021-12-18 14:12:43,2
-6.1054,-15.2982,0.7798,2021-12-18 14:12:44,2
-6.1054,-15.2982,0.7798,2021-12-18 14:12:45,2
-6.1054,-15.2982,0.7798,2021-12-18 14:12:46,2
-6.1054,-15.2982,0.7798,2021-12-18 14:12:47,2
-18.3162,-45.8946,2.3394,2021-12-18 14:12:48,2
-6.1054,-15.2982,0.7798,2021-12-18 14:12:49,2
-6.1054,-15.2982,0.7798,2021-12-18 14:12:50,2
-6.1054,-15.2982,0.7798,2021-12-18 14:12:51,2
-6.1054,-15.2982,0.7798,2021-12-18 14:12:52,2
-6.1054,-15.2982,0.7798,2021-12-18 14:12:53,2
-9.1581,-22.9473,1.1697,2021-12-18 14:12:54,2
-6.1054,-15.2982,0.7798,2021-12-18 14:12:55,2
-6.1054,-15.2982,0.7798,2021-12-18 14:12:56,2
-6.1054,-15.2982,0.7798,2021-12-18 14:12:57,2
-6.1054,-15.2982,0.7798,2021-12-18 14:12:58,2
-6.1054,-15.2982,0.7798,2021-12-18 14:12:59,2
-6.1054,-15.2982,0.7798,2021-12-18 14:13:00,2
-6.1054,-15.2982,0.7798,2021-12-18 14:13:01,2
-3.0527,-7.6491,0.3899,2021-12-18 14:13:02,2
-24.4216,-61.1928,3.1192,2021-12-18 14:13:03,2
-9.1581,-22.9473,1.1697,2021-12-18 14:13:04,2
-6.1054,-15.2982,0.7798,2021-12-18 14:13:05,2
-9.1581,-22.9473,1.1697,2021-12-18 14:13:06,2
-6.1054,-15.2982,0.7798,2021-12-18 14:13:07,2
-12.2108,-30.5964,1.5596,2021-12-18 14:13:08,2
-125.1607,-313.6131,15.9859,2021-12-18 14:13:09,2
-6.1054,-15.2982,0.7798,2021-12-18 14:13:10,2
-9.1581,-22.9473,1.1697,2021-12-18 14:13:11,2
-6.1054,-15.2982,0.7798,2021-12-18 14:13:12,2
-6.1054,-15.2982,0.7798,2021-12-18 14:13:13,2
-3.0527,-7.6491,0.3899,2021-12-18 14:13:14,2
-9.1581,-22.9473,1.1697,2021-12-18 14:13:15,2
-6.1054,-15.2982,0.7798,2021-12-18 14:13:16,2
-24.4216,-61.1928,3.1192,2021-12-18 14:13:17,2
-6.1054,-15.2982,0.7798,2021-12-18 14:13:18,2
-6.1054,-15.2982,0.7798,2021-12-18 14:13:19,2
-6.1054,-15.2982,0.7798,2021-12-18 14:13:20,2
-6.1054,-15.2982,0.7798,2021-12-18 14:13:21,2
-6.1054,-15.2982,0.7798,2021-12-18 14:13:22,2
-6.1054,-15.2982,0.7798,2021-12-18 14:13:23,2
-6.1054,-15.2982,0.7798,2021-12-18 14:13:24,2
-6.1054,-15.2982,0.7798,2021-12-18 14:13:25,2
-6.1054,-15.2982,0.7798,2021-12-18 14:13:26,2
-12.2108,-30.5964,1.5596,2021-12-18 14:13:27,2
-12.2108,-30.5964,1.5596,2021-12-18 14:13:28,2
-3.0527,-7.6491,0.3899,2021-12-18 14:13:29,2
-15.2635,-38.2455,1.9495,2021-12-18 14:13:30,2
-6.1054,-15.2982,0.7798,2021-12-18 14:13:31,2
-6.1054,-15.2982,0.7798,2021-12-18 14:13:32,2
-6.1054,-15.2982,0.7798,2021-12-18 14:13:33,2
-6.1054,-15.2982,0.7798,2021-12-18 14:13:34,2
-6.1054,-15.2982,0.7798,2021-12-18 14:13:35,2
-6.1054,-15.2982,0.7798,2021-12-18 14:13:36,2
-6.1054,-15.2982,0.7798,2021-12-18 14:13:37,2
-21.3689,-53.5437,2.7293,2021-12-18 14:13:38,2
-6.1054,-15.2982,0.7798,2021-12-18 14:13:39,2
-6.1054,-15.2982,0.7798,2021-12-18 14:13:40,2
-6.1054,-15.2982,0.7798,2021-12-18 14:13:41,2
-6.1054,-15.2982,0.7798,2021-12-18 14:13:42,2
-3.6664,-6.4853,5.7934,2021-12-18 14:13:43,2
-3.4559,-0.7606,3.8581,2021-12-18 14:13:44,2
0.0379,1.9213,-2.9966,2021-12-18 14:13:45,2
1.0049,-2.251,-0.5043,2021-12-18 14:13:46,2
0.0639,-1.8748,1.6518,2021-12-18 14:13:47,2
-0.7779,0.7963,6.0321,2021-12-18 14:13:48,2
-1.9861,2.5857,1.1826,2021-12-18 14:13:49,2
0.5369,2.4423,-10.2085,2021-12-18 14:13:50,2
1.8751,-0.5796,-5.815,2021-12-18 14:13:51,2
-0.3359,-1.8251,0.4104,2021-12-18 14:13:52,2
-0.0583,0.7299,6.6125,2021-12-18 14:13:53,2
0.2413,2.9635,1.883,2021-12-18 14:13:54,2
-0.1771,0.2293,-6.5165,2021-12-18 14:13:55,2
0.1235,-2.5404,-4.8402,2021-12-18 14:13:56,2
-1.1886,-1.6203,0.4727,2021-12-18 14:13:57,2
-3.0614,-0.1312,9.3858,2021-12-18 14:13:58,2
-1.1027,3.5933,3.1536,2021-12-18 14:13:59,2
2.239,4.806,-8.3639,2021-12-18 14:14:00,2
0.1603,0.2841,-10.1089,2021-12-18 14:14:01,2
-0.7284,-1.9344,0.4506,2021-12-18 14:14:02,2
0.6552,0.0708,4.2165,2021-12-18 14:14:03,2
-0.7665,2.2787,0.231,2021-12-18 14:14:04,2
-2.3262,1.1391,-7.0054,2021-12-18 14:14:05,2
2.9079,-4.4142,-1.7116,2021-12-18 14:14:06,2
0.00170000000000003,-1.3445,1.0318,2021-12-18 14:14:07,2
-1.2675,2.1691,6.2847,2021-12-18 14:14:08,2
-2.4303,3.2954,0.7896,2021-12-18 14:14:09,2
0.2635,2.6305,-9.0379,2021-12-18 14:14:10,2
0.1131,-4.2581,-1.2574,2021-12-18 14:14:11,2
0.6999,-0.9547,2.8792,2021-12-18 14:14:12,2
-0.7347,0.5849,6.2081,2021-12-18 14:14:13,2
-0.5345,3.1658,3.164,2021-12-18 14:14:14,2
-0.0283,2.6988,-11.5691,2021-12-18 14:14:15,2
1.608,0.0700000000000001,-4.783,2021-12-18 14:14:16,2
-0.3045,-1.5502,1.5021,2021-12-18 14:14:17,2
-1.6945,0.9003,6.3522,2021-12-18 14:14:18,2
-0.9429,1.7772,1.5192,2021-12-18 14:14:19,2
-0.8051,-2.0614,-1.118,2021-12-18 14:14:20,2
0.9504,-3.1866,-3.8771,2021-12-18 14:14:21,2
-1.1687,-0.2439,3.4837,2021-12-18 14:14:22,2
2.1353,0.8026,3.3855,2021-12-18 14:14:23,2
-0.1072,0.0901,3.2949,2021-12-18 14:14:24,2
1.7649,3.6875,-7.6105,2021-12-18 14:14:25,2
-0.4761,-2.098,-6.3289,2021-12-18 14:14:26,2
1.1894,-4.4765,-0.0355999999999999,2021-12-18 14:14:27,2
-0.3353,1.6195,-3.7971,2021-12-18 14:14:28,2
-3.7922,-1.9176,4.9977,2021-12-18 14:14:29,2
0.4799,5.1003,-3.0004,2021-12-18 14:14:30,2
-1.5702,-3.3733,-0.7439,2021-12-18 14:14:31,2
-1.3095,-2.5845,-4.0117,2021-12-18 14:14:32,2
-2.7644,1.788,-0.4122,2021-12-18 14:14:33,2
-1.4546,-2.98,3.1556,2021-12-18 14:14:34,2
3.1424,-9.4281,5.1743,2021-12-18 14:14:35,2
0.3149,4.2661,-7.849,2021-12-18 14:14:36,2
-11.1058,2.0637,-10.5445,2021-12-18 14:14:37,2
-2.7796,-5.4328,-1.7439,2021-12-18 14:14:38,2
5.7196,-2.2834,3.2742,2021-12-18 14:14:39,2
2.7259,-0.5107,8.2682,2021-12-18 14:14:40,2
-5.2843,5.4841,0.0731000000000002,2021-12-18 14:14:41,2
-1.9089,7.7152,-6.4461,2021-12-18 14:14:42,2
-9.9977,2.0405,-5.1376,2021-12-18 14:14:43,2
0.8889,-0.4862,-0.9841,2021-12-18 14:14:44,2
3.3379,-6.9944,-0.5853,2021-12-18 14:14:45,2
1.1499,0.3952,1.5267,2021-12-18 14:14:46,2
3.2858,5.623,-2.6466,2021-12-18 14:14:47,2
-2.2239,4.2216,6.4131,2021-12-18 14:14:48,2
0.2103,-8.4894,-3.5562,2021-12-18 14:14:49,2
0.3773,-7.417,-6.5735,2021-12-18 14:14:50,2
-4.1891,-2.4116,1.2375,2021-12-18 14:14:51,2
3.6588,4.6843,1.9655,2021-12-18 14:14:52,2
-1.9042,3.5846,-11.0644,2021-12-18 14:14:53,2
-13.1015,8.3044,19.5916,2021-12-18 14:14:54,2
4.3506,-9.134,-1.6578,2021-12-18 14:14:55,2
5.4934,-3.5181,-3.7531,2021-12-18 14:14:56,2
12.3759,4.6125,-3.3716,2021-12-18 14:14:57,2
-2.5962,2.9431,15.7062,2021-12-18 14:14:58,2
-2.5637,-5.1041,-0.00819999999999999,2021-12-18 14:14:59,2
1.2788,-5.438,-3.8523,2021-12-18 14:15:00,2
-3.4119,-1.7329,-0.2809,2021-12-18 14:15:01,2
4.092,2.8764,-0.3847,2021-12-18 14:15:02,2
0.3696,6.0899,0.7663,2021-12-18 14:15:03,2
-12.3042,19.0258,3.3318,2021-12-18 14:15:04,2
1.783,-6.3049,-5.0509,2021-12-18 14:15:05,2
0.9237,-0.3529,-2.7313,2021-12-18 14:15:06,2
8.7067,2.2415,5.1649,2021-12-18 14:15:07,2
-26.1079,18.8786,-2.8948,2021-12-18 14:15:08,2
1.3555,-7.709,-0.0566,2021-12-18 14:15:09,2
-1.3118,-8.1599,-0.722,2021-12-18 14:15:10,2
-2.3706,-0.2002,1.7041,2021-12-18 14:15:11,2
7.1926,1.4317,-1.611,2021-12-18 14:15:12,2
2.1295,5.9328,-2.1009,2021-12-18 14:15:13,2
-14.1195,2.7066,19.3594,2021-12-18 14:15:14,2
2.9408,-6.9534,-1.8798,2021-12-18 14:15:15,2
-5.8539,-4.0548,-3.4878,2021-12-18 14:15:16,2
4.4967,-0.8835,-6.2019,2021-12-18 14:15:17,2
4.6676,6.9707,4.04,2021-12-18 14:15:18,2
-22.4875,19.5925,-2.5019,2021-12-18 14:15:19,2
-0.1523,-4.7047,-1.9634,2021-12-18 14:15:20,2
-1.8756,-7.5029,-0.8106,2021-12-18 14:15:21,2
0.93,5.3832,2.9444,2021-12-18 14:15:22,2
-5.8976,2.9231,-7.5091,2021-12-18 14:15:23,2
-1.4212,-5.3194,0.9296,2021-12-18 14:15:24,2
1.1178,-5.7736,5.1486,2021-12-18 14:15:25,2
-3.2117,-7.2857,-3.8454,2021-12-18 14:15:26,2
-0.7584,0.2103,1.8669,2021-12-18 14:15:27,2
14.1672,15.0444,-4.5641,2021-12-18 14:15:28,2
-0.0764,-4.3429,0.7189,2021-12-18 14:15:29,2
-2.3165,-3.8819,10.5124,2021-12-18 14:15:30,2
2.7345,-5.2836,-4.4537,2021-12-18 14:15:31,2
-3.3613,-5.3308,1.3108,2021-12-18 14:15:32,2
4.6455,10.4105,-6.4004,2021-12-18 14:15:33,2
-15.9285,2.771,-18.0397,2021-12-18 14:15:34,2
-32.7386,16.8906,1.5049,2021-12-18 14:15:35,2
3.6853,-4.6293,2.2232,2021-12-18 14:15:36,2
-2.7357,-3.4635,-1.1492,2021-12-18 14:15:37,2
3.5812,0.6469,-7.1797,2021-12-18 14:15:38,2
8.304,10.9113,1.0951,2021-12-18 14:15:39,2
-4.0026,7.5549,3.4678,2021-12-18 14:15:40,2
0.1741,-6.5244,2.2944,2021-12-18 14:15:41,2
-0.4614,-5.7632,-1.4325,2021-12-18 14:15:42,2
-1.1279,1.5866,3.502,2021-12-18 14:15:43,2
8.3462,12.7917,3.1341,2021-12-18 14:15:44,2
-1.6109,-5.3503,1.1914,2021-12-18 14:15:45,2
-12.1845,5.8298,17.6745,2021-12-18 14:15:46,2
4.3888,-9.9418,-2.7139,2021-12-18 14:15:47,2
-1.1833,-5.6722,-3.1755,2021-12-18 14:15:48,2
11.0702,3.3217,-10.983,2021-12-18 14:15:49,2
6.7751,0.8944,0.5632,2021-12-18 14:15:50,2
2.6075,-6.5476,-1.4434,2021-12-18 14:15:51,2
-4.741,-3.5575,1.5565,2021-12-18 14:15:52,2
-3.8862,-4.4312,0.9021,2021-12-18 14:15:53,2
7.8288,1.8268,1.3586,2021-12-18 14:15:54,2
1.7209,6.8738,-1.0799,2021-12-18 14:15:55,2
-30.1049,10.7607,9.3011,2021-12-18 14:15:56,2
7.7285,-7.3758,-3.7024,2021-12-18 14:15:57,2
-5.3786,0.8659,2.4971,2021-12-18 14:15:58,2
5.9703,6.239,-4.7933,2021-12-18 14:15:59,2
-8.0043,3.427,6.4803,2021-12-18 14:16:00,2
0.00419999999999998,-3.8129,-2.0138,2021-12-18 14:16:01,2
2.2989,-5.221,2.3588,2021-12-18 14:16:02,2
-4.5308,-3.7193,0.2378,2021-12-18 14:16:03,2
14.5439,7.2125,-3.038,2021-12-18 14:16:04,2
2.0069,6.5884,-3.9747,2021-12-18 14:16:05,2
-22.3068,7.9381,16.3879,2021-12-18 14:16:06,2
4.2787,-9.646,-2.6801,2021-12-18 14:16:07,2
-3.9037,-2.8321,-1.611,2021-12-18 14:16:08,2
7.0078,2.7798,-4.0881,2021-12-18 14:16:09,2
-1.521,3.4881,9.8739,2021-12-18 14:16:10,2
0.8204,-5.2139,-0.5282,2021-12-18 14:16:11,2
4.6006,-9.1241,-4.2111,2021-12-18 14:16:12,2
-3.4621,-3.4348,0.00550000000000006,2021-12-18 14:16:13,2
3.8417,1.0228,4.7616,2021-12-18 14:16:14,2
2.4196,1.936,-2.2887,2021-12-18 14:16:15,2
7.9593,8.7575,6.1331,2021-12-18 14:16:16,2
0.1328,-3.8637,4.2123,2021-12-18 14:16:17,2
5.0195,-9.2808,-1.3094,2021-12-18 14:16:18,2
-2.9675,-0.5163,1.0875,2021-12-18 14:16:19,2
2.5694,12.6923,-11.0017,2021-12-18 14:16:20,2
-1.6173,2.0229,3.8972,2021-12-18 14:16:21,2
1.6782,-2.9306,-2.3086,2021-12-18 14:16:22,2
-5.3716,-5.7744,-1.1773,2021-12-18 14:16:23,2
-5.8772,-5.0565,0.5332,2021-12-18 14:16:24,2
4.3697,4.8413,0.4119,2021-12-18 14:16:25,2
-5.6725,3.6721,-4.6869,2021-12-18 14:16:26,2
-32.2842,14.5881,4.0936,2021-12-18 14:16:27,2
6.3722,-4.326,4.1012,2021-12-18 14:16:28,2
-0.8525,6.2391,-1.3402,2021-12-18 14:16:29,2
-0.574,7.9385,-4.8943,2021-12-18 14:16:30,2
-31.7239,2.5573,-9.3628,2021-12-18 14:16:31,2
-154.2571,4.4007,-31.8449,2021-12-18 14:16:32,2
-16.5458,15.8477,2.0257,2021-12-18 14:16:33,2
-1.3866,-4.4343,-1.7408,2021-12-18 14:16:34,2
-1.0196,-6.6962,-0.4733,2021-12-18 14:16:35,2
-171.2236,55.6187,93.3641,2021-12-18 14:16:36,2
-18.0866,14.2128,-0.3327,2021-12-18 14:16:37,2
-0.5706,-4.4336,-1.2416,2021-12-18 14:16:38,2
2.5709,-8.2916,-3.884,2021-12-18 14:16:39,2
-1.4033,0.6538,1.7373,2021-12-18 14:16:40,2
5.9908,-63.3698,-0.8694,2021-12-18 14:16:41,2
-21.4862,20.1423,2.0102,2021-12-18 14:16:42,2
0.7668,-4.9072,-0.3332,2021-12-18 14:16:43,2
-1.8182,-10.0967,-2.927,2021-12-18 14:16:44,2
-67.5916,-6.4676,-15.0302,2021-12-18 14:16:45,2
-3.873,6.02,-17.9017,2021-12-18 14:16:46,2
2.7211,-5.5971,0.5851,2021-12-18 14:16:47,2
2.3443,-0.7829,-2.6038,2021-12-18 14:16:48,2
-24.38,5.0867,-21.0343,2021-12-18 14:16:49,2
-0.8774,-4.3833,-0.1753,2021-12-18 14:16:50,2
-0.642800000000003,53.9405,26.8168,2021-12-18 14:16:51,2
0.4087,-5.1297,0.0385,2021-12-18 14:16:52,2
-2.3587,-5.4338,0.5438,2021-12-18 14:16:53,2
13.6866,25.9596,28.5982,2021-12-18 14:16:54,2
-4.6649,-0.851699999999999,-0.7406,2021-12-18 14:16:55,2
2.1502,-8.3101,-2.8625,2021-12-18 14:16:56,2
7.3749,-7.7983,-0.809600000000001,2021-12-18 14:16:57,2
-10.4322,6.7262,19.5641,2021-12-18 14:16:58,2
-2.9442,-0.2183,-1.2328,2021-12-18 14:16:59,2
-35.0202,-32.7744,18.5056,2021-12-18 14:17:00,2
-7.2484,-3.779,3.3296,2021-12-18 14:17:01,2
-7.2484,-3.779,3.3296,2021-12-18 14:17:02,2
-3.6242,-1.8895,1.6648,2021-12-18 14:17:03,2
-25.3694,-13.2265,11.6536,2021-12-18 14:17:04,2
-7.2484,-3.779,3.3296,2021-12-18 14:17:05,2
-7.2484,-3.779,3.3296,2021-12-18 14:17:06,2
-7.2484,-3.779,3.3296,2021-12-18 14:17:07,2
-7.2484,-3.779,3.3296,2021-12-18 14:17:08,2
-7.2484,-3.779,3.3296,2021-12-18 14:17:09,2
-36.242,-18.895,16.648,2021-12-18 14:17:10,2
-7.2484,-3.779,3.3296,2021-12-18 14:17:11,2
-7.2484,-3.779,3.3296,2021-12-18 14:17:12,2
-7.2484,-3.779,3.3296,2021-12-18 14:17:13,2
-7.2484,-3.779,3.3296,2021-12-18 14:17:14,2
-235.573,-122.8175,108.212,2021-12-18 14:17:15,2
-7.2484,-3.779,3.3296,2021-12-18 14:17:16,2
-25.3694,-13.2265,11.6536,2021-12-18 14:17:17,2
-43.4904,-22.674,19.9776,2021-12-18 14:17:18,2
-7.2484,-3.779,3.3296,2021-12-18 14:17:19,2
-115.9744,-60.464,53.2736,2021-12-18 14:17:20,2
-14.4968,-7.558,6.6592,2021-12-18 14:17:21,2
-7.2484,-3.779,3.3296,2021-12-18 14:17:22,2
-25.3694,-13.2265,11.6536,2021-12-18 14:17:23,2
-7.2484,-3.779,3.3296,2021-12-18 14:17:24,2
-7.2484,-3.779,3.3296,2021-12-18 14:17:25,2
-7.2484,-3.779,3.3296,2021-12-18 14:17:26,2
-7.2484,-3.779,3.3296,2021-12-18 14:17:27,2
-7.2484,-3.779,3.3296,2021-12-18 14:17:28,2
-7.2484,-3.779,3.3296,2021-12-18 14:17:29,2
-7.2484,-3.779,3.3296,2021-12-18 14:17:30,2
-7.2484,-3.779,3.3296,2021-12-18 14:17:31,2
-7.2484,-3.779,3.3296,2021-12-18 14:17:32,2
-7.2484,-3.779,3.3296,2021-12-18 14:17:33,2
-7.2484,-3.779,3.3296,2021-12-18 14:17:34,2
-7.2484,-3.779,3.3296,2021-12-18 14:17:35,2
-7.2484,-3.779,3.3296,2021-12-18 14:17:36,2
-7.2484,-3.779,3.3296,2021-12-18 14:17:37,2
-7.2484,-3.779,3.3296,2021-12-18 14:17:38,2
-7.2484,-3.779,3.3296,2021-12-18 14:17:39,2
-7.2484,-3.779,3.3296,2021-12-18 14:17:40,2
-7.2484,-3.779,3.3296,2021-12-18 14:17:41,2
-7.2484,-3.779,3.3296,2021-12-18 14:17:42,2
-7.2484,-3.779,3.3296,2021-12-18 14:17:43,2
-7.2484,-3.779,3.3296,2021-12-18 14:17:44,2
-7.2484,-3.779,3.3296,2021-12-18 14:17:45,2
-7.2484,-3.779,3.3296,2021-12-18 14:17:46,2
-7.2484,-3.779,3.3296,2021-12-18 14:17:47,2
-7.2484,-3.779,3.3296,2021-12-18 14:17:48,2
-7.2484,-3.779,3.3296,2021-12-18 14:17:49,2
-7.2484,-3.779,3.3296,2021-12-18 14:17:50,2
-7.2484,-3.779,3.3296,2021-12-18 14:17:51,2
-7.2484,-3.779,3.3296,2021-12-18 14:17:52,2
-7.2484,-3.779,3.3296,2021-12-18 14:17:53,2
-7.2484,-3.779,3.3296,2021-12-18 14:17:54,2
-7.2484,-3.779,3.3296,2021-12-18 14:17:55,2
-7.2484,-3.779,3.3296,2021-12-18 14:17:56,2
-7.2484,-3.779,3.3296,2021-12-18 14:17:57,2
-7.2484,-3.779,3.3296,2021-12-18 14:17:58,2
-7.2484,-3.779,3.3296,2021-12-18 14:17:59,2
-7.2484,-3.779,3.3296,2021-12-18 14:18:00,2
-7.2484,-3.779,3.3296,2021-12-18 14:18:01,2
-7.2484,-3.779,3.3296,2021-12-18 14:18:02,2
-7.2484,-3.779,3.3296,2021-12-18 14:18:03,2
-7.2484,-3.779,3.3296,2021-12-18 14:18:04,2
-7.2484,-3.779,3.3296,2021-12-18 14:18:05,2
-7.2484,-3.779,3.3296,2021-12-18 14:18:06,2
-7.2484,-3.779,3.3296,2021-12-18 14:18:07,2
-7.2484,-3.779,3.3296,2021-12-18 14:18:08,2
-7.2484,-3.779,3.3296,2021-12-18 14:18:09,2
-7.2484,-3.779,3.3296,2021-12-18 14:18:10,2
-7.2484,-3.779,3.3296,2021-12-18 14:18:11,2
-7.2484,-3.779,3.3296,2021-12-18 14:18:12,2
-7.2484,-3.779,3.3296,2021-12-18 14:18:13,2
-7.2484,-3.779,3.3296,2021-12-18 14:18:14,2
-7.2484,-3.779,3.3296,2021-12-18 14:18:15,2
-7.2484,-3.779,3.3296,2021-12-18 14:18:16,2
-7.2484,-3.779,3.3296,2021-12-18 14:18:17,2
-7.2484,-3.779,3.3296,2021-12-18 14:18:18,2
-7.2484,-3.779,3.3296,2021-12-18 14:18:19,2
-7.2484,-3.779,3.3296,2021-12-18 14:18:20,2
-7.2484,-3.779,3.3296,2021-12-18 14:18:21,2
-7.2484,-3.779,3.3296,2021-12-18 14:18:22,2
-7.2484,-3.779,3.3296,2021-12-18 14:18:23,2
-39.8662,-20.7845,18.3128,2021-12-18 14:18:24,2
-7.2484,-3.779,3.3296,2021-12-18 14:18:25,2
-7.2484,-3.779,3.3296,2021-12-18 14:18:26,2
-7.2484,-3.779,3.3296,2021-12-18 14:18:27,2
-36.242,-18.895,16.648,2021-12-18 14:18:28,2
-7.2484,-3.779,3.3296,2021-12-18 14:18:29,2
-7.2484,-3.779,3.3296,2021-12-18 14:18:30,2
-7.2484,-3.779,3.3296,2021-12-18 14:18:31,2
-7.2484,-3.779,3.3296,2021-12-18 14:18:32,2
-405.910399999999,-211.624,186.4576,2021-12-18 14:18:33,2
-7.2484,-3.779,3.3296,2021-12-18 14:18:34,2
-7.2484,-3.779,3.3296,2021-12-18 14:18:35,2
-7.2484,-3.779,3.3296,2021-12-18 14:18:36,2
-43.4904,-22.674,19.9776,2021-12-18 14:18:37,2
-7.2484,-3.779,3.3296,2021-12-18 14:18:38,2
-7.2484,-3.779,3.3296,2021-12-18 14:18:39,2
-7.2484,-3.779,3.3296,2021-12-18 14:18:40,2
-14.4968,-7.558,6.6592,2021-12-18 14:18:41,2
-7.2484,-3.779,3.3296,2021-12-18 14:18:42,2
-7.2484,-3.779,3.3296,2021-12-18 14:18:43,2
-7.2484,-3.779,3.3296,2021-12-18 14:18:44,2
-7.2484,-3.779,3.3296,2021-12-18 14:18:45,2
-7.2484,-3.779,3.3296,2021-12-18 14:18:46,2
-7.2484,-3.779,3.3296,2021-12-18 14:18:47,2
-14.4968,-7.558,6.6592,2021-12-18 14:18:48,2
-7.2484,-3.779,3.3296,2021-12-18 14:18:49,2
-39.8662,-20.7845,18.3128,2021-12-18 14:18:50,2
-76.1082,-39.6795,34.9608,2021-12-18 14:18:51,2
-7.2484,-3.779,3.3296,2021-12-18 14:18:52,2
-36.242,-18.895,16.648,2021-12-18 14:18:53,2
-72.484,-37.79,33.296,2021-12-18 14:18:54,2
-7.2484,-3.779,3.3296,2021-12-18 14:18:55,2
-137.7196,-71.8009999999999,63.2624,2021-12-18 14:18:56,2
-7.2484,-3.779,3.3296,2021-12-18 14:18:57,2
-7.2484,-3.779,3.3296,2021-12-18 14:18:58,2
-7.2484,-3.779,3.3296,2021-12-18 14:18:59,2
-7.2484,-3.779,3.3296,2021-12-18 14:19:00,2
-7.2484,-3.779,3.3296,2021-12-18 14:19:01,2
-7.2484,-3.779,3.3296,2021-12-18 14:19:02,2
-7.2484,-3.779,3.3296,2021-12-18 14:19:03,2
-7.2484,-3.779,3.3296,2021-12-18 14:19:04,2
-7.2484,-3.779,3.3296,2021-12-18 14:19:05,2
-7.2484,-3.779,3.3296,2021-12-18 14:19:06,2
-159.4648,-83.1379999999999,73.2512,2021-12-18 14:19:07,2
-36.242,-18.895,16.648,2021-12-18 14:19:08,2
-10.8726,-5.6685,4.9944,2021-12-18 14:19:09,2
-21.7452,-11.337,9.9888,2021-12-18 14:19:10,2
-7.2484,-3.779,3.3296,2021-12-18 14:19:11,2
-94.2292,-49.127,43.2848,2021-12-18 14:19:12,2
-7.2484,-3.779,3.3296,2021-12-18 14:19:13,2
-7.2484,-3.779,3.3296,2021-12-18 14:19:14,2
-28.9936,-15.116,13.3184,2021-12-18 14:19:15,2
-7.2484,-3.779,3.3296,2021-12-18 14:19:16,2
-7.2484,-3.779,3.3296,2021-12-18 14:19:17,2
-32.6178,-17.0055,14.9832,2021-12-18 14:19:18,2
-7.2484,-3.779,3.3296,2021-12-18 14:19:19,2
-7.2484,-3.779,3.3296,2021-12-18 14:19:20,2
-7.2484,-3.779,3.3296,2021-12-18 14:19:21,2
-10.8726,-5.6685,4.9944,2021-12-18 14:19:22,2
-10.8726,-5.6685,4.9944,2021-12-18 14:19:23,2
-3.6242,-1.8895,1.6648,2021-12-18 14:19:24,2
-14.4968,-7.558,6.6592,2021-12-18 14:19:25,2
-10.8726,-5.6685,4.9944,2021-12-18 14:19:26,2
-28.9936,-15.116,13.3184,2021-12-18 14:19:27,2
-7.2484,-3.779,3.3296,2021-12-18 14:19:28,2
-54.363,-28.3425,24.972,2021-12-18 14:19:29,2
-7.2484,-3.779,3.3296,2021-12-18 14:19:30,2
-10.8726,-5.6685,4.9944,2021-12-18 14:19:31,2
-7.2484,-3.779,3.3296,2021-12-18 14:19:32,2
-39.8662,-20.7845,18.3128,2021-12-18 14:19:33,2
-7.2484,-3.779,3.3296,2021-12-18 14:19:34,2
-65.2356,-34.011,29.9664,2021-12-18 14:19:35,2
-7.2484,-3.779,3.3296,2021-12-18 14:19:36,2
-492.891199999998,-256.972,226.412800000001,2021-12-18 14:19:37,2
-3.6242,-1.8895,1.6648,2021-12-18 14:19:38,2
-10.8726,-5.6685,4.9944,2021-12-18 14:19:39,2
-7.2484,-3.779,3.3296,2021-12-18 14:19:40,2
-7.2484,-3.779,3.3296,2021-12-18 14:19:41,2
-18.121,-9.4475,8.324,2021-12-18 14:19:42,2
-7.2484,-3.779,3.3296,2021-12-18 14:19:43,2
-7.2484,-3.779,3.3296,2021-12-18 14:19:44,2
-7.2484,-3.779,3.3296,2021-12-18 14:19:45,2
-7.2484,-3.779,3.3296,2021-12-18 14:19:46,2
-10.8726,-5.6685,4.9944,2021-12-18 14:19:47,2
-7.2484,-3.779,3.3296,2021-12-18 14:19:48,2
-7.2484,-3.779,3.3296,2021-12-18 14:19:49,2
-7.2484,-3.779,3.3296,2021-12-18 14:19:50,2
-7.2484,-3.779,3.3296,2021-12-18 14:19:51,2
-7.2484,-3.779,3.3296,2021-12-18 14:19:52,2
-7.2484,-3.779,3.3296,2021-12-18 14:19:53,2
-7.2484,-3.779,3.3296,2021-12-18 14:19:54,2
-50.7388,-26.453,23.3072,2021-12-18 14:19:55,2
-7.2484,-3.779,3.3296,2021-12-18 14:19:56,2
-7.2484,-3.779,3.3296,2021-12-18 14:19:57,2
-7.2484,-3.779,3.3296,2021-12-18 14:19:58,2
-3.6242,-1.8895,1.6648,2021-12-18 14:19:59,2
-858.935399999996,-447.8115,394.557600000002,2021-12-18 14:20:00,2
-7.2484,-3.779,3.3296,2021-12-18 14:20:01,2
-7.2484,-3.779,3.3296,2021-12-18 14:20:02,2
-7.2484,-3.779,3.3296,2021-12-18 14:20:03,2
-43.4904,-22.674,19.9776,2021-12-18 14:20:04,2
-7.2484,-3.779,3.3296,2021-12-18 14:20:05,2
-7.2484,-3.779,3.3296,2021-12-18 14:20:06,2
-7.2484,-3.779,3.3296,2021-12-18 14:20:07,2
-43.4904,-22.674,19.9776,2021-12-18 14:20:08,2
-7.2484,-3.779,3.3296,2021-12-18 14:20:09,2
-7.2484,-3.779,3.3296,2021-12-18 14:20:10,2
-7.2484,-3.779,3.3296,2021-12-18 14:20:11,2
-76.1082,-39.6795,34.9608,2021-12-18 14:20:12,2
-333.4264,-173.834,153.1616,2021-12-18 14:20:13,2
-7.2484,-3.779,3.3296,2021-12-18 14:20:14,2
-7.2484,-3.779,3.3296,2021-12-18 14:20:15,2
-7.2484,-3.779,3.3296,2021-12-18 14:20:16,2
-7.2484,-3.779,3.3296,2021-12-18 14:20:17,2
-43.4904,-22.674,19.9776,2021-12-18 14:20:18,2
-7.2484,-3.779,3.3296,2021-12-18 14:20:19,2
-7.2484,-3.779,3.3296,2021-12-18 14:20:20,2
-3.6242,-1.8895,1.6648,2021-12-18 14:20:21,2
-47.1146,-24.5635,21.6424,2021-12-18 14:20:22,2
-7.2484,-3.779,3.3296,2021-12-18 14:20:23,2
-7.2484,-3.779,3.3296,2021-12-18 14:20:24,2
-7.2484,-3.779,3.3296,2021-12-18 14:20:25,2
-7.2484,-3.779,3.3296,2021-12-18 14:20:26,2
-7.2484,-3.779,3.3296,2021-12-18 14:20:27,2
-395.037799999999,-205.9555,181.4632,2021-12-18 14:20:28,2
-7.2484,-3.779,3.3296,2021-12-18 14:20:29,2
-7.2484,-3.779,3.3296,2021-12-18 14:20:30,2
-7.2484,-3.779,3.3296,2021-12-18 14:20:31,2
-7.2484,-3.779,3.3296,2021-12-18 14:20:32,2
-39.8662,-20.7845,18.3128,2021-12-18 14:20:33,2
-7.2484,-3.779,3.3296,2021-12-18 14:20:34,2
-7.2484,-3.779,3.3296,2021-12-18 14:20:35,2
-7.2484,-3.779,3.3296,2021-12-18 14:20:36,2
-39.8662,-20.7845,18.3128,2021-12-18 14:20:37,2
-7.2484,-3.779,3.3296,2021-12-18 14:20:38,2
-7.2484,-3.779,3.3296,2021-12-18 14:20:39,2
-7.2484,-3.779,3.3296,2021-12-18 14:20:40,2
-94.2292,-49.127,43.2848,2021-12-18 14:20:41,2
-2.3406,-2.4391,-0.7312,2021-12-18 14:20:42,2
2.4667,0.8489,-8.7569,2021-12-18 14:20:43,2
-0.133,-4.2329,10.0017,2021-12-18 14:20:44,2
-2.0203,0.7134,5.1518,2021-12-18 14:20:45,2
-0.4658,3.4026,-5.7918,2021-12-18 14:20:46,2
0.6167,-1.315,-3.4489,2021-12-18 14:20:47,2
1.5982,-1.5801,2.9911,2021-12-18 14:20:48,2
-2.7042,-1.0369,6.4584,2021-12-18 14:20:49,2
1.6466,1.5347,0.3722,2021-12-18 14:20:50,2
3.2512,0.0702000000000003,-7.37,2021-12-18 14:20:51,2
0.8234,-1.2944,-0.5605,2021-12-18 14:20:52,2
-1.1351,5.0581,-1.6818,2021-12-18 14:20:53,2
-3.529,-0.8677,-2.1323,2021-12-18 14:20:54,2
0.8827,0.7892,-6.2386,2021-12-18 14:20:55,2
3.6,-2.5193,1.3437,2021-12-18 14:20:56,2
3.0764,-2.5829,7.5991,2021-12-18 14:20:57,2
-1.7236,1.8409,-0.0381,2021-12-18 14:20:58,2
0.8882,-0.4523,0.7849,2021-12-18 14:20:59,2
0.5205,-2.2629,0.4898,2021-12-18 14:21:00,2
1.3378,-0.2237,5.6218,2021-12-18 14:21:01,2
-2.1055,2.3526,3.4412,2021-12-18 14:21:02,2
-11.1128,5.7309,2.8853,2021-12-18 14:21:03,2
0.1443,1.151,3.8583,2021-12-18 14:21:04,2
6.2677,-5.5497,1.0325,2021-12-18 14:21:05,2
2.4436,0.287,1.0322,2021-12-18 14:21:06,2
-0.113,-0.6258,3.5551,2021-12-18 14:21:07,2
2.505,-1.3648,0.7944,2021-12-18 14:21:08,2
-1.8494,-1.1594,1.0356,2021-12-18 14:21:09,2
3.3175,5.5395,-3.4707,2021-12-18 14:21:10,2
-6.2836,3.7741,4.3885,2021-12-18 14:21:11,2
2.7392,-2.3215,-1.538,2021-12-18 14:21:12,2
11.877,1.3588,-1.9641,2021-12-18 14:21:13,2
-0.5462,-3.3654,-2.6057,2021-12-18 14:21:14,2
0.0893999999999999,-9.2777,-2.6823,2021-12-18 14:21:15,2
5.2256,3.272,-1.6483,2021-12-18 14:21:16,2
-16.4896,9.836,-8.1637,2021-12-18 14:21:17,2
4.9043,7.4951,2.6086,2021-12-18 14:21:18,2
3.6213,-5.8335,0.0208,2021-12-18 14:21:19,2
-2.8648,-1.6218,0.0327000000000002,2021-12-18 14:21:20,2
10.6753,-2.5406,-13.8033,2021-12-18 14:21:21,2
-7.2168,14.0383,9.5194,2021-12-18 14:21:22,2
-2.3538,-3.832,-2.6227,2021-12-18 14:21:23,2
1.0967,-9.5231,-4.7128,2021-12-18 14:21:24,2
-2.7951,-7.0346,0.614,2021-12-18 14:21:25,2
7.0119,3.4925,-3.5851,2021-12-18 14:21:26,2
1.4289,0.2701,-0.5356,2021-12-18 14:21:27,2
-25.2918,12.5506,18.2404,2021-12-18 14:21:28,2
1.6205,-10.7088,-5.1889,2021-12-18 14:21:29,2
-5.5221,-5.275,0.9713,2021-12-18 14:21:30,2
2.1228,5.8604,-9.1464,2021-12-18 14:21:31,2
1.4167,7.7745,1.8311,2021-12-18 14:21:32,2
2.4732,-4.716,-2.256,2021-12-18 14:21:33,2
-1.3586,-4.6871,1.8695,2021-12-18 14:21:34,2
-1.6825,-5.9018,-0.6587,2021-12-18 14:21:35,2
7.9606,5.6439,-5.1329,2021-12-18 14:21:36,2
-3.8295,-1.3759,-2.3901,2021-12-18 14:21:37,2
-0.0349,7.881,-0.2879,2021-12-18 14:21:38,2
5.5024,-7.7111,1.4995,2021-12-18 14:21:39,2
-5.7433,-0.1824,0.048,2021-12-18 14:21:40,2
8.1793,0.7044,-5.7133,2021-12-18 14:21:41,2
6.6825,1.5008,2.5636,2021-12-18 14:21:42,2
0.4474,-3.1442,-2.1556,2021-12-18 14:21:43,2
-3.3633,-5.2509,-0.9168,2021-12-18 14:21:44,2
-2.423,-5.9954,1.8846,2021-12-18 14:21:45,2
10.7286,6.0876,-5.2396,2021-12-18 14:21:46,2
0.182700000000001,5.8319,1.1959,2021-12-18 14:21:47,2
-3.9235,2.8111,7.4869,2021-12-18 14:21:48,2
3.0281,-9.7626,-2.0019,2021-12-18 14:21:49,2
-3.7063,-2.8113,-0.1112,2021-12-18 14:21:50,2
0.5584,11.7449,-5.7259,2021-12-18 14:21:51,2
-17.6871,21.0264,8.6673,2021-12-18 14:21:52,2
0.4182,-4.7895,-1.7225,2021-12-18 14:21:53,2
-0.7408,-7.1337,-2.391,2021-12-18 14:21:54,2
1.6917,5.654,-2.0517,2021-12-18 14:21:55,2
8.3999,4.1737,-3.4641,2021-12-18 14:21:56,2
1.0719,3.0244,1.0671,2021-12-18 14:21:57,2
1.9558,-4.8369,3.8788,2021-12-18 14:21:58,2
1.7092,-10.6642,-3.4378,2021-12-18 14:21:59,2
-5.0618,-2.9915,4.065,2021-12-18 14:22:00,2
0.1321,9.7711,-5.5663,2021-12-18 14:22:01,2
0.7246,-0.4584,6.7459,2021-12-18 14:22:02,2
-3.988,-5.1879,-2.6458,2021-12-18 14:22:03,2
-3.0629,-5.7245,-0.4887,2021-12-18 14:22:04,2
4.3649,1.9285,-6.4488,2021-12-18 14:22:05,2
-1.7763,-2.8059,-0.8309,2021-12-18 14:22:06,2
4.1767,-9.1078,-2.661,2021-12-18 14:22:07,2
-1.9955,1.2523,3.6398,2021-12-18 14:22:08,2
-1.3023,-0.8419,0.1472,2021-12-18 14:22:09,2
1.1493,0.6426,-0.6234,2021-12-18 14:22:10,2
0.6726,0.1513,0.0691,2021-12-18 14:22:11,2
0.2708,0.2094,0.7894,2021-12-18 14:22:12,2
0.5227,-0.6252,-1.4074,2021-12-18 14:22:13,2
-0.0828,0.2355,0.0443,2021-12-18 14:22:14,2
-1.2255,0.3234,3.8093,2021-12-18 14:22:15,2
0.7038,0.4278,-0.2565,2021-12-18 14:22:16,2
-0.1893,-0.1504,0.1834,2021-12-18 14:22:17,2
-0.0092,-0.007,0.0623,2021-12-18 14:22:18,2
0.0927,0.1296,-0.0852,2021-12-18 14:22:19,2
0.3179,0.2528,-0.1308,2021-12-18 14:22:20,2
0.0419,0.0277,0.1317,2021-12-18 14:22:21,2
-0.1219,0.016,0.0674,2021-12-18 14:22:22,2
-0.0163,0.1318,0.0241,2021-12-18 14:22:23,2
-0.0039,0.0513,0.0568,2021-12-18 14:22:24,2
-0.0089,0.0452,0.0122,2021-12-18 14:22:25,2
0.0712,0.102,-0.0118,2021-12-18 14:22:26,2
-0.2284,-0.0145,0.2525,2021-12-18 14:22:27,2
0.1649,-0.0028,-0.084,2021-12-18 14:22:28,2
0.0776,0.0973,-0.0017,2021-12-18 14:22:29,2
-0.3336,-0.2163,0.5642,2021-12-18 14:22:30,2
0.0932999999999999,-1.2009,-1.3664,2021-12-18 14:22:31,2
-0.0785,-10.4068,-3.9478,2021-12-18 14:22:32,2
1.7525,-3.03,-1.5081,2021-12-18 14:22:33,2
7.0972,11.1193,-0.0145999999999999,2021-12-18 14:22:34,2
-10.9165,6.7652,24.8985,2021-12-18 14:22:35,2
-1.0504,-6.1205,-2.6992,2021-12-18 14:22:36,2
-1.0236,-7.0857,-3.0868,2021-12-18 14:22:37,2
2.3644,7.5401,1.8473,2021-12-18 14:22:38,2
-2.6608,5.6216,-6.8943,2021-12-18 14:22:39,2
1.4284,-6.1276,-4.7748,2021-12-18 14:22:40,2
-3.2906,-0.9062,-1.1076,2021-12-18 14:22:41,2
5.6201,0.3935,-15.9744,2021-12-18 14:22:42,2
-19.0909,13.6772,13.8944,2021-12-18 14:22:43,2
-4.8516,-2.0215,1.5883,2021-12-18 14:22:44,2
-2.3754,0.5969,0.5299,2021-12-18 14:22:45,2
25.7518,22.1917,-0.112700000000001,2021-12-18 14:22:46,2
-0.0427,0.1043,-0.021,2021-12-18 14:22:47,2
0.0196,0.072,-0.0139,2021-12-18 14:22:48,2
-3.712,1.1417,-0.8633,2021-12-18 14:22:49,2
-0.0412,0.0732,0.0604,2021-12-18 14:22:50,2
12.7167,-0.2649,2.9675,2021-12-18 14:22:51,2
-5.4048,1.452,5.5676,2021-12-18 14:22:52,2
-0.8057,-4.8102,-1.9966,2021-12-18 14:22:53,2
1.2575,-2.0595,-3.4251,2021-12-18 14:22:54,2
12.0254,41.3243,1.3619,2021-12-18 14:22:55,2
-6.7577,13.2733,4.8592,2021-12-18 14:22:56,2
-0.3684,-0.8567,6.7713,2021-12-18 14:22:57,2
1.2848,-4.3156,3.1887,2021-12-18 14:22:58,2
-0.0847,6.6861,-2.4506,2021-12-18 14:22:59,2
41.3516,67.7599,-29.4246,2021-12-18 14:23:00,2
-13.1657,9.1907,9.4554,2021-12-18 14:23:01,2
1.9687,-4.9959,-7.1494,2021-12-18 14:23:02,2
-4.3525,4.1097,2.0101,2021-12-18 14:23:03,2
79.1364,-53.8762,-62.965,2021-12-18 14:23:04,2
-3.48089999999999,-28.4798000000002,-197.9472,2021-12-18 14:23:05,2
-0.5823,-0.9895,2.3268,2021-12-18 14:23:06,2
7.8705,1.5547,-6.9089,2021-12-18 14:23:07,2
0.9948,-1.5854,-0.0795,2021-12-18 14:23:08,2
-1.9098,-0.3625,-4.2245,2021-12-18 14:23:09,2
4.0309,4.557,1.8483,2021-12-18 14:23:10,2
-1.691,0.5083,1.0926,2021-12-18 14:23:11,2
0.921,0.4603,0.4457,2021-12-18 14:23:12,2
0.8847,0.7045,-2.3394,2021-12-18 14:23:13,2
0.9148,0.3186,-0.5081,2021-12-18 14:23:14,2
-0.3275,-0.8752,2.0251,2021-12-18 14:23:15,2
0.3674,0.3298,-0.1245,2021-12-18 14:23:16,2
-2.2161,-0.8988,2.7351,2021-12-18 14:23:17,2
-4.8189,-3.3595,2.1113,2021-12-18 14:23:18,2
-16.7714,13.8942,11.8987,2021-12-18 14:23:19,2
-19.5693,19.0866,7.2541,2021-12-18 14:23:20,2
1.7579,-8.2698,-4.8286,2021-12-18 14:23:21,2
1.9457,-4.1848,0.1193,2021-12-18 14:23:22,2
-0.8252,5.2203,-3.3089,2021-12-18 14:23:23,2
8.4564,0.2767,-9.1359,2021-12-18 14:23:24,2
3.0749,2.2477,8.4771,2021-12-18 14:23:25,2
-4.0456,-1.8407,-1.6193,2021-12-18 14:23:26,2
5.3363,-6.165,1.6674,2021-12-18 14:23:27,2
7.7923,6.0197,-7.8136,2021-12-18 14:23:28,2
-13.069,-16.5539,-3.8387,2021-12-18 14:23:29,2
-37.7076,8.4008,340.7998,2021-12-18 14:23:30,2
1.4854,-4.8785,-1.2279,2021-12-18 14:23:31,2
-28.8279,-55.7042,2.5864,2021-12-18 14:23:32,2
-28.0522,9.8985,-1.7046,2021-12-18 14:23:33,2
0.0385,-4.1714,1.9382,2021-12-18 14:23:34,2
-13.4166,-17.2064,6.2881,2021-12-18 14:23:35,2
-19.1317,-4.569,14.498,2021-12-18 14:23:36,2
-45.7135,40.9186,56.1045,2021-12-18 14:23:37,2
0.059,3.5685,-1.5624,2021-12-18 14:23:38,2
18.6858,-319.0782,-44.1894,2021-12-18 14:23:39,2
-4.2582,-12.3054,2.6922,2021-12-18 14:23:40,2
-4.2582,-12.3054,2.6922,2021-12-18 14:23:41,2
-4.2582,-12.3054,2.6922,2021-12-18 14:23:42,2
-4.2582,-12.3054,2.6922,2021-12-18 14:23:43,2
-4.2582,-12.3054,2.6922,2021-12-18 14:23:44,2
-4.2582,-12.3054,2.6922,2021-12-18 14:23:45,2
-4.2582,-12.3054,2.6922,2021-12-18 14:23:46,2
-4.2582,-12.3054,2.6922,2021-12-18 14:23:47,2
-4.2582,-12.3054,2.6922,2021-12-18 14:23:48,2
-4.2582,-12.3054,2.6922,2021-12-18 14:23:49,2
-4.2582,-12.3054,2.6922,2021-12-18 14:23:50,2
-4.2582,-12.3054,2.6922,2021-12-18 14:23:51,2
-4.2582,-12.3054,2.6922,2021-12-18 14:23:52,2
-4.2582,-12.3054,2.6922,2021-12-18 14:23:53,2
-4.2582,-12.3054,2.6922,2021-12-18 14:23:54,2
-4.2582,-12.3054,2.6922,2021-12-18 14:23:55,2
-4.2582,-12.3054,2.6922,2021-12-18 14:23:56,2
-4.2582,-12.3054,2.6922,2021-12-18 14:23:57,2
-4.2582,-12.3054,2.6922,2021-12-18 14:23:58,2
-4.2582,-12.3054,2.6922,2021-12-18 14:23:59,2
-4.2582,-12.3054,2.6922,2021-12-18 14:24:00,2
-4.2582,-12.3054,2.6922,2021-12-18 14:24:01,2
-4.2582,-12.3054,2.6922,2021-12-18 14:24:02,2
-4.2582,-12.3054,2.6922,2021-12-18 14:24:03,2
-4.2582,-12.3054,2.6922,2021-12-18 14:24:04,2
-4.2582,-12.3054,2.6922,2021-12-18 14:24:05,2
-4.2582,-12.3054,2.6922,2021-12-18 14:24:06,2
-4.2582,-12.3054,2.6922,2021-12-18 14:24:07,2
-4.2582,-12.3054,2.6922,2021-12-18 14:24:08,2
-4.2582,-12.3054,2.6922,2021-12-18 14:24:09,2
-4.2582,-12.3054,2.6922,2021-12-18 14:24:10,2
-4.2582,-12.3054,2.6922,2021-12-18 14:24:11,2
-4.2582,-12.3054,2.6922,2021-12-18 14:24:12,2
-4.2582,-12.3054,2.6922,2021-12-18 14:24:13,2
-4.2582,-12.3054,2.6922,2021-12-18 14:24:14,2
-4.2582,-12.3054,2.6922,2021-12-18 14:24:15,2
-4.2582,-12.3054,2.6922,2021-12-18 14:24:16,2
-4.2582,-12.3054,2.6922,2021-12-18 14:24:17,2
-4.2582,-12.3054,2.6922,2021-12-18 14:24:18,2
-4.2582,-12.3054,2.6922,2021-12-18 14:24:19,2
-4.2582,-12.3054,2.6922,2021-12-18 14:24:20,2
-4.2582,-12.3054,2.6922,2021-12-18 14:24:21,2
-4.2582,-12.3054,2.6922,2021-12-18 14:24:22,2
-4.2582,-12.3054,2.6922,2021-12-18 14:24:23,2
-4.2582,-12.3054,2.6922,2021-12-18 14:24:24,2
-4.2582,-12.3054,2.6922,2021-12-18 14:24:25,2
-4.2582,-12.3054,2.6922,2021-12-18 14:24:26,2
-4.2582,-12.3054,2.6922,2021-12-18 14:24:27,2
-4.2582,-12.3054,2.6922,2021-12-18 14:24:28,2
-4.2582,-12.3054,2.6922,2021-12-18 14:24:29,2
-4.2582,-12.3054,2.6922,2021-12-18 14:24:30,2
-4.2582,-12.3054,2.6922,2021-12-18 14:24:31,2
-4.2582,-12.3054,2.6922,2021-12-18 14:24:32,2
-4.2582,-12.3054,2.6922,2021-12-18 14:24:33,2
-4.2582,-12.3054,2.6922,2021-12-18 14:24:34,2
-4.2582,-12.3054,2.6922,2021-12-18 14:24:35,2
-4.2582,-12.3054,2.6922,2021-12-18 14:24:36,2
-4.2582,-12.3054,2.6922,2021-12-18 14:24:37,2
-4.2582,-12.3054,2.6922,2021-12-18 14:24:38,2
-4.2582,-12.3054,2.6922,2021-12-18 14:24:39,2
-19.1619,-55.3743,12.1149,2021-12-18 14:24:40,2
-4.2582,-12.3054,2.6922,2021-12-18 14:24:41,2
-4.2582,-12.3054,2.6922,2021-12-18 14:24:42,2
-4.2582,-12.3054,2.6922,2021-12-18 14:24:43,2
-25.5492,-73.8324,16.1532,2021-12-18 14:24:44,2
-4.2582,-12.3054,2.6922,2021-12-18 14:24:45,2
-4.2582,-12.3054,2.6922,2021-12-18 14:24:46,2
-4.2582,-12.3054,2.6922,2021-12-18 14:24:47,2
-63.873,-184.581,40.383,2021-12-18 14:24:48,2
-178.8444,-516.826799999999,113.0724,2021-12-18 14:24:49,2
-4.2582,-12.3054,2.6922,2021-12-18 14:24:50,2
-4.2582,-12.3054,2.6922,2021-12-18 14:24:51,2
-4.2582,-12.3054,2.6922,2021-12-18 14:24:52,2
-8.5164,-24.6108,5.3844,2021-12-18 14:24:53,2
-4.2582,-12.3054,2.6922,2021-12-18 14:24:54,2
-4.2582,-12.3054,2.6922,2021-12-18 14:24:55,2
-4.2582,-12.3054,2.6922,2021-12-18 14:24:56,2
-4.2582,-12.3054,2.6922,2021-12-18 14:24:57,2
-2.1291,-6.1527,1.3461,2021-12-18 14:24:58,2
-29.8074,-86.1378,18.8454,2021-12-18 14:24:59,2
-4.2582,-12.3054,2.6922,2021-12-18 14:25:00,2
-4.2582,-12.3054,2.6922,2021-12-18 14:25:01,2
-4.2582,-12.3054,2.6922,2021-12-18 14:25:02,2
-17.0328,-49.2216,10.7688,2021-12-18 14:25:03,2
-4.2582,-12.3054,2.6922,2021-12-18 14:25:04,2
-4.2582,-12.3054,2.6922,2021-12-18 14:25:05,2
-44.7111,-129.2067,28.2681,2021-12-18 14:25:06,2
-4.2582,-12.3054,2.6922,2021-12-18 14:25:07,2
-6.3873,-18.4581,4.0383,2021-12-18 14:25:08,2
-4.2582,-12.3054,2.6922,2021-12-18 14:25:09,2
-14.9037,-43.0689,9.4227,2021-12-18 14:25:10,2
-4.2582,-12.3054,2.6922,2021-12-18 14:25:11,2
-4.2582,-12.3054,2.6922,2021-12-18 14:25:12,2
-4.2582,-12.3054,2.6922,2021-12-18 14:25:13,2
-38.3238,-110.7486,24.2298,2021-12-18 14:25:14,2
-4.2582,-12.3054,2.6922,2021-12-18 14:25:15,2
-4.2582,-12.3054,2.6922,2021-12-18 14:25:16,2
3.1997,-3.7839,4.7393,2021-12-18 14:25:17,2
0.6796,-0.2817,-0.2255,2021-12-18 14:25:18,2
