"","x","y","z","t"
"1",0.18,7.7464,1.1091,2021-12-12 13:50:46
"2",3.2635,9.1318,-5.2233,2021-12-12 13:50:47
"3",0.7209,10.182,0.5933,2021-12-12 13:50:48
"4",0.7118,7.9614,0.5157,2021-12-12 13:50:49
"5",-2.3104,9.7583,-4.2324,2021-12-12 13:50:50
"6",-4.1788,7.0814,-6.6672,2021-12-12 13:50:51
"7",-0.1759,4.945,-2.8579,2021-12-12 13:50:52
"8",-3.0209,4.0778,-2.3832,2021-12-12 13:50:53
"9",-2.1822,3.6909,-2.3549,2021-12-12 13:50:54
"10",-1.4996,2.2704,-0.6565,2021-12-12 13:50:55
"11",-0.8055,4.1366,-0.3706,2021-12-12 13:50:56
"12",-0.9679,4.1575,1.3644,2021-12-12 13:50:57
"13",-1.0054,3.3624,1.9498,2021-12-12 13:50:58
"14",0.2953,2.8624,0.7168,2021-12-12 13:50:59
"15",-1.7213,1.5154,-0.3544,2021-12-12 13:51:00
"16",-1.5914,1.1791,-2.8543,2021-12-12 13:51:01
"17",-1.9506,1.2981,-2.7099,2021-12-12 13:51:02
"18",-2.7688,0.5019,-3.2584,2021-12-12 13:51:03
"19",0.2426,1.9145,-2.3576,2021-12-12 13:51:04
"20",-3.2696,0.00670000000000004,-1.8196,2021-12-12 13:51:05
"21",1.8324,1.0952,-1.1486,2021-12-12 13:51:06
"22",4.8827,1.6165,-1.4356,2021-12-12 13:51:07
"23",2.475,1.1907,-8.8263,2021-12-12 13:51:08
"24",0.0903,-0.0584,-0.1876,2021-12-12 13:51:09
"25",0.3814,2.9498,3.844,2021-12-12 13:51:10
"26",0.4898,1.5261,1.4721,2021-12-12 13:51:11
"27",-0.2319,1.0776,0.8248,2021-12-12 13:51:12
"28",0.8861,0.2544,0.3001,2021-12-12 13:51:13
"29",0.4492,-0.0119,-1.1255,2021-12-12 13:51:14
"30",0.2218,-0.0827,0.2396,2021-12-12 13:51:15
"31",-6.3242,-2.718,-2.8007,2021-12-12 13:51:16
"32",-0.09,0.9138,1.7409,2021-12-12 13:51:17
"33",0.5934,0.5071,0.6076,2021-12-12 13:51:18
"34",-2.4243,-1.8897,-4.9543,2021-12-12 13:51:19
"35",-12.8833,-25.1907000000002,-182.468300000001,2021-12-12 13:51:20
"36",-0.2625,0.1194,0.0496,2021-12-12 13:51:21
"37",-0.457,-0.0935,-0.0825,2021-12-12 13:51:22
"38",-0.0726,-0.0324,0.045,2021-12-12 13:51:23
"39",-0.0249,-0.0168,0.1002,2021-12-12 13:51:24
"40",-0.224,0.113,-0.2565,2021-12-12 13:51:25
"41",-0.0924,-0.0554,0.0705,2021-12-12 13:51:26
"42",-0.086,-0.1601,0.1945,2021-12-12 13:51:27
"43",-26.5746,130.9456,-24.8269,2021-12-12 13:51:28
"44",-0.1618,-0.4812,1.2866,2021-12-12 13:51:29
"45",-1.2438,0.4218,3.8132,2021-12-12 13:51:30
"46",-0.108,1.292,3.7574,2021-12-12 13:51:31
"47",-2.0401,8.8436,39.0247,2021-12-12 13:51:32
"48",1.4672,-0.3128,-2.9627,2021-12-12 13:51:33
"49",-3.241,-5.7129,-34.5038,2021-12-12 13:51:34
"50",-0.5142,-0.2026,-0.9532,2021-12-12 13:51:35
"51",-5.6508,-1.1246,-12.7261,2021-12-12 13:51:36
"52",0.568,0.7265,2.0587,2021-12-12 13:51:37
"53",7.9987,20.3352,64.3908000000001,2021-12-12 13:51:38
"54",0.165,-0.1659,2.0375,2021-12-12 13:51:39
"55",-4.4919,2.6096,10.6876,2021-12-12 13:51:40
"56",-0.1313,-0.1181,-0.6863,2021-12-12 13:51:41
"57",2.167,0.124,0.0953,2021-12-12 13:51:42
"58",-0.1466,-0.5686,-0.7945,2021-12-12 13:51:43
"59",5.6777,-1.2468,-6.9347,2021-12-12 13:51:44
"60",-5.78299999999998,18.9465,-91.9106000000003,2021-12-12 13:51:45
"61",1.3222,0.8776,1.0558,2021-12-12 13:51:46
"62",167.3354,-12.4821,-409.1166,2021-12-12 13:51:47
"63",-2.4855,0.4136,2.2929,2021-12-12 13:51:48
"64",0.6291,0.2967,0.766,2021-12-12 13:51:49
"65",1.3185,-0.8714,0.1475,2021-12-12 13:51:50
"66",-0.6885,0.0495,0.7596,2021-12-12 13:51:51
"67",-0.967,1.3309,3.6771,2021-12-12 13:51:52
"68",-3.4955,2.2114,2.9227,2021-12-12 13:51:53
"69",-1.6272,1.164,0.8739,2021-12-12 13:51:54
"70",0.0416,-0.0058,-0.2195,2021-12-12 13:51:55
"71",-1.5455,-1.7609,-1.8377,2021-12-12 13:51:56
"72",-0.0629,-1.2557,-1.3311,2021-12-12 13:51:57
"73",0.8018,-2.2487,-1.9225,2021-12-12 13:51:58
"74",1.6561,-2.3144,-0.621,2021-12-12 13:51:59
"75",0.2754,-1.1125,-0.8009,2021-12-12 13:52:00
"76",8.7702,-19.7353,-13.8146,2021-12-12 13:52:01
"77",-0.8119,-0.727,-1.4816,2021-12-12 13:52:02
"78",-0.2341,-0.6691,-0.8199,2021-12-12 13:52:03
"79",117.0875,-33.6385,138.8126,2021-12-12 13:52:04
"80",-1.067,-0.2224,3.4823,2021-12-12 13:52:05
"81",-1.9862,0.665,2.1037,2021-12-12 13:52:06
"82",0.2081,0.3921,2.1179,2021-12-12 13:52:07
"83",0.4281,0.865,1.0449,2021-12-12 13:52:08
"84",-1.0003,0.1979,0.8561,2021-12-12 13:52:09
"85",1.4399,0.6956,0.2049,2021-12-12 13:52:10
"86",0.4977,0.0912,-0.0075,2021-12-12 13:52:11
"87",1.0947,0.1155,-1.2884,2021-12-12 13:52:12
"88",0.0468,-0.3557,-0.0995,2021-12-12 13:52:13
"89",0.5472,0.2499,0.9538,2021-12-12 13:52:14
"90",6.835,-4.7088,-10.5231,2021-12-12 13:52:15
"91",-0.3407,0.9231,0.7796,2021-12-12 13:52:16
"92",0.4805,0.183,0.2189,2021-12-12 13:52:17
"93",2034.959,-1001.2723,-253.9033,2021-12-12 13:52:18
"94",-1.3646,-0.1584,-2.2952,2021-12-12 13:52:19
"95",0.1822,-0.8653,1.7674,2021-12-12 13:52:20
"96",-1.0252,-0.2047,-0.4449,2021-12-12 13:52:21
"97",-1.097,-0.0117999999999999,0.1561,2021-12-12 13:52:22
"98",-1.1833,-0.7501,-0.8986,2021-12-12 13:52:23
"99",-0.5267,-0.1618,0.067,2021-12-12 13:52:24
"100",-1.1906,-1.7869,1.4423,2021-12-12 13:52:25
"101",0.4043,-1.686,2.8618,2021-12-12 13:52:26
"102",-1.5179,-0.8644,0.1558,2021-12-12 13:52:27
"103",-1.7513,-0.9632,-0.3015,2021-12-12 13:52:28
"104",-0.9328,-0.7499,-0.2123,2021-12-12 13:52:29
"105",-0.6955,-1.0048,-0.2884,2021-12-12 13:52:30
"106",-1.1003,-0.763,0.516,2021-12-12 13:52:31
"107",-2.4049,-1.0106,-0.2424,2021-12-12 13:52:32
"108",-0.2047,-0.134,1.1146,2021-12-12 13:52:33
"109",0.3003,-2.844,-0.3726,2021-12-12 13:52:34
"110",-0.9235,-1.3415,-0.824,2021-12-12 13:52:35
"111",-0.2675,-1.3696,-0.0198,2021-12-12 13:52:36
"112",1.0427,-0.0087,2.9591,2021-12-12 13:52:37
"113",-1.6312,0.2362,1.5562,2021-12-12 13:52:38
"114",0.2069,-0.447,-0.0441,2021-12-12 13:52:39
"115",-0.927,-0.0561,-1.1002,2021-12-12 13:52:40
"116",1.8849,-0.9478,0.5827,2021-12-12 13:52:41
"117",1.2573,-1.1636,0.8494,2021-12-12 13:52:42
"118",-0.2301,-0.8982,1.4774,2021-12-12 13:52:43
"119",0.529,0.5094,1.4015,2021-12-12 13:52:44
"120",0.6804,-0.1466,1.6544,2021-12-12 13:52:45
"121",0.3795,-1.8542,0.0528,2021-12-12 13:52:46
"122",0.6092,-1.7678,0.3132,2021-12-12 13:52:47
"123",1.3191,-1.7233,2.0776,2021-12-12 13:52:48
"124",3.7807,-2.3587,0.2524,2021-12-12 13:52:49
"125",-0.9461,-0.4773,1.1009,2021-12-12 13:52:50
"126",-1.4181,-1.7883,1.383,2021-12-12 13:52:51
"127",0.7093,-1.9379,1.5354,2021-12-12 13:52:52
"128",-1.852,-1.2521,0.8842,2021-12-12 13:52:53
"129",-1.7844,-0.9362,1.089,2021-12-12 13:52:54
"130",-1.7218,-1.0005,0.946,2021-12-12 13:52:55
"131",-1.8798,-1.1207,0.1703,2021-12-12 13:52:56
"132",-1.2358,-1.0869,0.9527,2021-12-12 13:52:57
"133",-2.0537,-1.3642,0.4442,2021-12-12 13:52:58
"134",-1.2259,-2.2391,0.1495,2021-12-12 13:52:59
"135",-1.4566,-1.0596,0.1051,2021-12-12 13:53:00
"136",-3.4129,-1.8051,-0.4678,2021-12-12 13:53:01
"137",-4.3008,-0.9834,-0.6171,2021-12-12 13:53:02
"138",-3.5072,-1.0511,1.0986,2021-12-12 13:53:03
"139",-3.0509,-1.8347,1.7097,2021-12-12 13:53:04
"140",-3.0477,-1.7998,0.0725,2021-12-12 13:53:05
"141",0.2954,-2.0233,0.7919,2021-12-12 13:53:06
"142",0.2968,-0.4552,3.3743,2021-12-12 13:53:07
"143",-0.2254,-2.0622,1.0367,2021-12-12 13:53:08
"144",0.3634,-2.6391,-0.0702,2021-12-12 13:53:09
"145",-1.2067,-1.1741,1.9722,2021-12-12 13:53:10
"146",0.1342,-1.7348,3.0483,2021-12-12 13:53:11
"147",-0.6026,-0.9954,0.9747,2021-12-12 13:53:12
"148",-1.4221,-1.1392,1.574,2021-12-12 13:53:13
"149",-0.9861,-0.4558,0.0961,2021-12-12 13:53:14
"150",-0.1911,-0.094,2.6203,2021-12-12 13:53:15
"151",-1.4497,-1.1073,2.1309,2021-12-12 13:53:16
"152",-1.6167,-1.7184,-1.1598,2021-12-12 13:53:17
"153",-3.1682,-1.3134,2.6167,2021-12-12 13:53:18
"154",-3.7334,-1.6786,0.698,2021-12-12 13:53:19
"155",-3.5363,-1.4954,-1.8212,2021-12-12 13:53:20
"156",-3.6445,-1.4678,1.4537,2021-12-12 13:53:21
"157",-1.818,-2.5519,-0.3643,2021-12-12 13:53:22
"158",-1.6707,-1.4086,0.6761,2021-12-12 13:53:23
"159",-1.8736,-1.6349,0.2084,2021-12-12 13:53:24
"160",0.8648,-1.6965,1.8808,2021-12-12 13:53:25
"161",0.7265,-0.7955,2.2952,2021-12-12 13:53:26
"162",0.185,-1.3261,0.1237,2021-12-12 13:53:27
"163",2.849,-1.575,1.1286,2021-12-12 13:53:28
"164",2.7668,-2.3518,1.6147,2021-12-12 13:53:29
"165",1.2012,-1.0142,-0.3902,2021-12-12 13:53:30
"166",-0.6346,-1.7037,-0.1546,2021-12-12 13:53:31
"167",-0.7218,-1.0192,-0.1848,2021-12-12 13:53:32
"168",-1.0488,0.6613,0.7406,2021-12-12 13:53:33
"169",-0.9119,-0.039,-1.5534,2021-12-12 13:53:34
"170",-1.8229,0.293,-0.4601,2021-12-12 13:53:35
"171",-2.3698,0.2519,-0.7501,2021-12-12 13:53:36
"172",-3.0611,-0.4023,-0.3995,2021-12-12 13:53:37
"173",-0.1757,-0.675,-0.6337,2021-12-12 13:53:38
"174",0.6072,-1.7516,2.0796,2021-12-12 13:53:39
"175",0.1532,-2.16,0.7342,2021-12-12 13:53:40
"176",0.9283,-2.3223,0.5339,2021-12-12 13:53:41
"177",-2.1495,-1.1858,0.7177,2021-12-12 13:53:42
"178",-1.6859,-1.3926,2.0225,2021-12-12 13:53:43
"179",-1.5479,-2.6636,0.6997,2021-12-12 13:53:44
"180",-1.3943,-3.1315,1.7548,2021-12-12 13:53:45
"181",-1.9309,-0.79,3.2985,2021-12-12 13:53:46
"182",-0.9187,-2.1595,-0.7966,2021-12-12 13:53:47
"183",-2.4131,-2.1082,1.2608,2021-12-12 13:53:48
"184",-1.0088,-2.0979,1.823,2021-12-12 13:53:49
"185",-1.148,-0.8635,1.8631,2021-12-12 13:53:50
"186",-0.3773,-1.0774,0.5205,2021-12-12 13:53:51
"187",-0.3526,-0.507,0.6489,2021-12-12 13:53:52
"188",-0.1418,-0.9333,1.6344,2021-12-12 13:53:53
"189",-0.5253,-1.1297,0.8129,2021-12-12 13:53:54
"190",-0.4028,-2.1073,0.8792,2021-12-12 13:53:55
"191",-1.111,-1.126,1.8532,2021-12-12 13:53:56
"192",-0.3985,-1.1548,0.3438,2021-12-12 13:53:57
"193",0.1094,-1.952,-0.9724,2021-12-12 13:53:58
"194",-0.3204,-1.9078,-1.0286,2021-12-12 13:53:59
"195",-0.3212,-0.8669,0.807,2021-12-12 13:54:00
"196",0.7712,-1.6206,-1.4003,2021-12-12 13:54:01
"197",0.6977,-1.0571,-0.4148,2021-12-12 13:54:02
"198",1.1805,-0.6327,-1.3406,2021-12-12 13:54:03
"199",0.7044,-0.3045,1.0207,2021-12-12 13:54:04
"200",0.00379999999999997,-0.4755,0.6016,2021-12-12 13:54:05
"201",-1.9412,-0.3639,0.6284,2021-12-12 13:54:06
"202",-0.7691,-0.8243,1.5302,2021-12-12 13:54:07
"203",-0.6509,-1.0654,1.7473,2021-12-12 13:54:08
"204",-0.6274,-0.1354,4.1673,2021-12-12 13:54:09
"205",-0.5587,-3.4624,-2.2276,2021-12-12 13:54:10
"206",0.1712,-0.2001,2.5622,2021-12-12 13:54:11
"207",-0.8895,-1.7101,0.337,2021-12-12 13:54:12
"208",-0.1297,-0.1019,0.9534,2021-12-12 13:54:13
"209",-0.0493,-0.9549,1.5815,2021-12-12 13:54:14
"210",-1.6354,-0.854,3.1685,2021-12-12 13:54:15
"211",-1.2424,-2.2432,-0.271,2021-12-12 13:54:16
"212",-0.974,-1.5078,2.8475,2021-12-12 13:54:17
"213",-1.4679,-0.3517,0.9618,2021-12-12 13:54:18
"214",-1.7732,-2.5044,0.1081,2021-12-12 13:54:19
"215",-1.4688,-1.9447,-0.2777,2021-12-12 13:54:20
"216",-0.0311,-1.641,0.1721,2021-12-12 13:54:21
"217",-1.1659,-1.1881,0.00440000000000002,2021-12-12 13:54:22
"218",0.5326,-0.4306,0.9101,2021-12-12 13:54:23
"219",-2.3605,0.0941,1.7622,2021-12-12 13:54:24
"220",-1.4037,-1.2089,0.1335,2021-12-12 13:54:25
"221",-1.3565,-0.8354,0.3294,2021-12-12 13:54:26
"222",-0.5168,0.2637,3.9503,2021-12-12 13:54:27
"223",-0.9271,-1.0255,1.1431,2021-12-12 13:54:28
"224",0.9997,-1.3386,2.3615,2021-12-12 13:54:29
"225",-1.4821,-3.0881,0.8837,2021-12-12 13:54:30
"226",-0.8636,-0.5737,2.4915,2021-12-12 13:54:31
"227",-0.8549,-0.7448,0.9992,2021-12-12 13:54:32
"228",1.6759,-0.2508,1.2455,2021-12-12 13:54:33
"229",1.5287,-1.8213,1.3064,2021-12-12 13:54:34
"230",0.9575,-2.2922,0.6574,2021-12-12 13:54:35
"231",1.4041,-1.677,1.0602,2021-12-12 13:54:36
"232",1.6701,1.6238,5.1382,2021-12-12 13:54:37
"233",-0.464,-0.7886,3.3495,2021-12-12 13:54:38
"234",-1.1546,-3.6256,1.2896,2021-12-12 13:54:39
"235",-1.1753,-0.8362,2.0518,2021-12-12 13:54:40
"236",-0.1653,-1.5559,2.3574,2021-12-12 13:54:41
"237",-0.0441,-1.5463,1.5728,2021-12-12 13:54:42
"238",-1.7278,-2.2041,0.1165,2021-12-12 13:54:43
"239",-1.5311,-2.1516,-0.3622,2021-12-12 13:54:44
"240",-2.5584,-2.205,2.5834,2021-12-12 13:54:45
"241",-0.9549,-1.0527,1.3243,2021-12-12 13:54:46
"242",-1.341,-2.9511,0.6439,2021-12-12 13:54:47
"243",-0.6805,-2.6965,-0.2986,2021-12-12 13:54:48
"244",-2.4534,-5.0496,2.1286,2021-12-12 13:54:49
"245",1.9659,-1.805,5.8713,2021-12-12 13:54:50
"246",2.0841,3.3795,1.7143,2021-12-12 13:54:51
"247",-1.8214,0.3268,0.7958,2021-12-12 13:54:52
"248",-0.9515,0.1639,-0.244,2021-12-12 13:54:53
"249",-0.4983,0.0318,0.1467,2021-12-12 13:54:54
"250",-0.1213,0.148,0.0179,2021-12-12 13:54:55
"251",-0.2832,0.6427,1.1701,2021-12-12 13:54:56
"252",1.4341,1.3696,0.3913,2021-12-12 13:54:57
"253",-0.2921,0.4373,0.0294,2021-12-12 13:54:58
"254",-0.3842,-0.0882,0.4856,2021-12-12 13:54:59
"255",-1.8107,-0.5326,1.2707,2021-12-12 13:55:00
"256",-2.4132,-0.6539,0.5074,2021-12-12 13:55:01
"257",-3.1191,-1.0525,1.3064,2021-12-12 13:55:02
"258",-3.8925,-1.2599,1.6322,2021-12-12 13:55:03
"259",-1.8244,-1.6814,0.3279,2021-12-12 13:55:04
"260",0.6462,-2.0974,-0.6501,2021-12-12 13:55:05
"261",0.9477,-1.8902,-1.4847,2021-12-12 13:55:06
"262",-0.5875,-1.8286,-0.3548,2021-12-12 13:55:07
"263",-1.2439,-2.2104,0.2403,2021-12-12 13:55:08
"264",-26.7248,24.1759,-13.357,2021-12-12 13:55:09
"265",-1.1302,-0.8575,-2.5171,2021-12-12 13:55:10
"266",10.0631,-31.6733,9.59430000000001,2021-12-12 13:55:11
"267",-0.9574,0.3237,-2.6745,2021-12-12 13:55:12
"268",9.6542,-19.6252,-6.1838,2021-12-12 13:55:13
"269",2.2191,-5.466,-1.2781,2021-12-12 13:55:14
"270",-0.9243,-1.4719,-1.1492,2021-12-12 13:55:15
"271",-0.8197,-1.5691,-0.0323,2021-12-12 13:55:16
"272",-0.8105,-0.4589,-1.0189,2021-12-12 13:55:17
"273",1.9642,-0.3329,0.5484,2021-12-12 13:55:18
"274",5.1081,-3.1671,4.3236,2021-12-12 13:55:19
"275",-1.5472,-1.8996,-0.938,2021-12-12 13:55:20
"276",-0.1119,-0.3051,0.4257,2021-12-12 13:55:21
"277",-0.2623,-0.3022,0.0415,2021-12-12 13:55:22
"278",0.1485,-0.42,0.1564,2021-12-12 13:55:23
"279",-1.0298,0.7672,-1.2637,2021-12-12 13:55:24
"280",-0.0654,-0.1404,0.032,2021-12-12 13:55:25
"281",0.1086,0.3466,-0.4942,2021-12-12 13:55:26
"282",-1.9625,0.54,1.9548,2021-12-12 13:55:27
"283",-0.9345,0.8243,-1.6378,2021-12-12 13:55:28
"284",-0.3325,1.0645,-1.9894,2021-12-12 13:55:29
"285",-0.5398,0.7435,-1.032,2021-12-12 13:55:30
"286",-1.3052,1.6741,-1.9482,2021-12-12 13:55:31
"287",-11.5136,4.609,-7.1013,2021-12-12 13:55:32
"288",-0.7092,-0.6804,0.5236,2021-12-12 13:55:33
"289",0.3236,-0.7644,-0.2957,2021-12-12 13:55:34
"290",0.4214,-0.7256,-0.6113,2021-12-12 13:55:35
"291",34.2555,-4.0712,-1.6751,2021-12-12 13:55:36
"292",-4.6067,4.1939,-13.277,2021-12-12 13:55:37
"293",0.1337,-0.3236,0.4233,2021-12-12 13:55:38
"294",-0.2556,-0.7792,-0.9596,2021-12-12 13:55:39
"295",1.4154,-1.7317,-1.6226,2021-12-12 13:55:40
"296",0.2519,-0.0833,0.4816,2021-12-12 13:55:41
"297",-0.2234,-0.4433,0.8277,2021-12-12 13:55:42
"298",-0.4833,0.438,-0.5074,2021-12-12 13:55:43
"299",3.6509,-1.3065,1.4643,2021-12-12 13:55:44
"300",0.6681,-0.4241,0.6581,2021-12-12 13:55:45
"301",0.3812,-0.6255,-0.351,2021-12-12 13:55:46
"302",1.348,-0.99,-0.7988,2021-12-12 13:55:47
"303",13.8943,-7.8154,-31.6871,2021-12-12 13:55:48
"304",0.034,-0.2129,0.579,2021-12-12 13:55:49
"305",15.7143,-12.9027,19.0018,2021-12-12 13:55:50
"306",-1.0462,0.5313,-0.1779,2021-12-12 13:55:51
"307",-18.8183,15.0942,-27.1798,2021-12-12 13:55:52
"308",-0.4066,1.0148,-1.0978,2021-12-12 13:55:53
"309",-1.1448,1.4261,-0.4468,2021-12-12 13:55:54
"310",0.3468,0.1078,1.7538,2021-12-12 13:55:55
"311",-0.01,0.6366,0.652,2021-12-12 13:55:56
"312",-0.4015,1.6555,-0.2035,2021-12-12 13:55:57
"313",-0.3129,0.8478,-0.1492,2021-12-12 13:55:58
"314",-0.2135,0.6302,0.1036,2021-12-12 13:55:59
"315",0.3573,-0.2325,0.4967,2021-12-12 13:56:00
"316",-0.0817,1.2456,-0.9336,2021-12-12 13:56:01
"317",-0.6574,-0.1814,0.484,2021-12-12 13:56:02
"318",-1.6432,-1.2326,0.4967,2021-12-12 13:56:03
"319",-0.1405,-0.1531,0.0673,2021-12-12 13:56:04
"320",57.3485999999999,-65.5883000000001,57.8730000000001,2021-12-12 13:56:05
"321",-0.2011,0.1665,-0.1307,2021-12-12 13:56:06
"322",-1.5655,4.962,-5.3504,2021-12-12 13:56:07
"323",-0.4858,-0.2946,-0.3544,2021-12-12 13:56:08
"324",-0.1989,-0.3178,0.1222,2021-12-12 13:56:09
"325",-24.3086,18.9998,-6.244,2021-12-12 13:56:10
"326",-3.9014,1.0478,6.0518,2021-12-12 13:56:11
"327",-0.2981,-0.0337,-0.5771,2021-12-12 13:56:12
"328",-6.64419999999998,-22.24,-20.2940000000001,2021-12-12 13:56:13
"329",-14.9645,-29.7647,-15.558,2021-12-12 13:56:14
"330",0.1014,-0.0037,-0.1651,2021-12-12 13:56:15
"331",-12.171,18.4713,-2.54609999999997,2021-12-12 13:56:16
"332",-0.5712,-0.0954,1.597,2021-12-12 13:56:17
"333",-0.1618,-0.00879999999999999,-1.1089,2021-12-12 13:56:18
"334",0.0281,0.0221,-0.0161,2021-12-12 13:56:19
"335",-0.116,-0.2152,-0.1046,2021-12-12 13:56:20
"336",0.1057,-0.0793,-0.3868,2021-12-12 13:56:21
"337",0.5987,-0.196,-0.5593,2021-12-12 13:56:22
"338",-3.8659,-1.9832,1.3936,2021-12-12 13:56:23
"339",0.1023,-0.093,-0.2111,2021-12-12 13:56:24
"340",0.0296,-0.0622,0.0238,2021-12-12 13:56:25
"341",-0.0192,-0.0309,0.0162,2021-12-12 13:56:26
"342",0.0496,-0.0234,-0.0954,2021-12-12 13:56:27
"343",-0.031,-0.02,0.0835,2021-12-12 13:56:28
"344",0.0353,-0.0118,-0.0341,2021-12-12 13:56:29
"345",-0.021,0.000400000000000001,-0.0069,2021-12-12 13:56:30
"346",-0.0299,0.2414,-0.185,2021-12-12 13:56:31
"347",-0.0021,-0.0345,-0.0324,2021-12-12 13:56:32
"348",-0.016,0.0251,0.0529,2021-12-12 13:56:33
"349",0.0636,-0.0102,0.0174,2021-12-12 13:56:34
"350",-0.031,0.1677,-0.0329,2021-12-12 13:56:35
"351",0.0526,-0.0517,0.0136,2021-12-12 13:56:36
"352",0.0462,-0.1586,-0.0127,2021-12-12 13:56:37
"353",0.0011,-0.0793,0.0881,2021-12-12 13:56:38
"354",0.1103,-0.1505,-0.2715,2021-12-12 13:56:39
"355",-0.0468,0.0481,-0.0032,2021-12-12 13:56:40
"356",-0.0064,-0.1404,-0.0185,2021-12-12 13:56:41
"357",0.0476,-0.0679,-0.0896,2021-12-12 13:56:42
"358",-0.0474,0.048,-0.0043,2021-12-12 13:56:43
"359",0.0301,0.03,-0.0754,2021-12-12 13:56:44
"360",0.4445,0.0897,-0.6047,2021-12-12 13:56:45
"361",0.6296,-3.5889,-0.0357,2021-12-12 13:56:46
"362",-2.2171,-1.0005,-0.915599999999994,2021-12-12 13:56:47
"363",0.0198,-0.0335,-0.0791,2021-12-12 13:56:48
"364",-0.0062,-0.0564,0.0284,2021-12-12 13:56:49
"365",0.027,-0.0459,-0.0515,2021-12-12 13:56:50
"366",0.0139,-0.0485,-0.0275,2021-12-12 13:56:51
"367",0.0082,0.0019,-0.047,2021-12-12 13:56:52
"368",0.0255,-0.0299,0.0081,2021-12-12 13:56:53
"369",0.0308,0.0033,0.0036,2021-12-12 13:56:54
"370",0.0205,0.0146,-0.0471,2021-12-12 13:56:55
"371",-0.0023,-0.0422,0.0038,2021-12-12 13:56:56
"372",0.0401,-0.0156,0.0393,2021-12-12 13:56:57
"373",-0.02,-0.0444,-0.006,2021-12-12 13:56:58
"374",3.1948,-0.607599999999999,-2.4892,2021-12-12 13:56:59
"375",-0.0494,-0.1568,-0.1379,2021-12-12 13:57:00
"376",0.1438,-0.0516,-0.0034,2021-12-12 13:57:01
"377",0.3545,0.3126,-0.0451,2021-12-12 13:57:02
"378",-0.2082,-0.00590000000000002,-0.1176,2021-12-12 13:57:03
"379",0.8229,0.1261,0.4379,2021-12-12 13:57:04
"380",0.9424,0.2476,0.0969,2021-12-12 13:57:05
"381",-0.3469,0.1133,-0.1661,2021-12-12 13:57:06
"382",-0.0164,-0.0838,0.2147,2021-12-12 13:57:07
"383",-0.2153,0.0224,-0.1171,2021-12-12 13:57:08
"384",-0.2163,0.1242,-0.5063,2021-12-12 13:57:09
"385",-0.0296,-0.2159,-0.1455,2021-12-12 13:57:10
"386",0.4554,-0.7798,-0.2523,2021-12-12 13:57:11
"387",0.2589,0.153,0.0726,2021-12-12 13:57:12
"388",-0.5708,-0.2285,-0.0062,2021-12-12 13:57:13
"389",0.6808,0.3185,-0.0547,2021-12-12 13:57:14
"390",-0.018,-0.4334,0.2404,2021-12-12 13:57:15
"391",-1.4893,0.6926,-1.0661,2021-12-12 13:57:16
"392",0.1287,0.3018,-0.1885,2021-12-12 13:57:17
"393",0.2654,-0.0564,0.0521,2021-12-12 13:57:18
"394",0.1285,0.0608,-0.2174,2021-12-12 13:57:19
"395",-0.2134,-0.2365,-0.3243,2021-12-12 13:57:20
"396",-0.1203,-0.1337,0.3583,2021-12-12 13:57:21
"397",105.4198,-120.4932,-60.3986,2021-12-12 13:57:22
"398",0.0315,0.133,0.2091,2021-12-12 13:57:23
"399",-0.6743,-0.4191,0.3589,2021-12-12 13:57:24
"400",-0.9086,-0.7658,0.7879,2021-12-12 13:57:25
"401",-0.6474,0.7371,-0.4222,2021-12-12 13:57:26
"402",-0.0366,-0.4039,0.7406,2021-12-12 13:57:27
"403",-0.2641,-1.2974,0.2364,2021-12-12 13:57:28
"404",-0.1899,-1.4374,0.9374,2021-12-12 13:57:29
"405",-0.3863,-1.3048,1.0672,2021-12-12 13:57:30
"406",-0.2698,-0.7401,1.039,2021-12-12 13:57:31
"407",-0.0838,-1.5292,0.403,2021-12-12 13:57:32
"408",-0.8218,-1.1691,1.1068,2021-12-12 13:57:33
"409",-0.1513,-0.5532,-1.4901,2021-12-12 13:57:34
"410",0.0719,-1.2965,-0.7216,2021-12-12 13:57:35
"411",-1.0583,-1.7817,0.9979,2021-12-12 13:57:36
"412",0.013,-1.1597,1.5495,2021-12-12 13:57:37
"413",0.374,-0.892,1.4781,2021-12-12 13:57:38
"414",-1.4766,0.3061,-1.2454,2021-12-12 13:57:39
"415",-1.9964,-1.2052,1.2984,2021-12-12 13:57:40
"416",-1.0493,-0.9396,0.6172,2021-12-12 13:57:41
"417",0.188,-0.7029,-0.9732,2021-12-12 13:57:42
"418",-0.6544,0.0793,2.5684,2021-12-12 13:57:43
"419",-0.3141,-1.1011,0.5277,2021-12-12 13:57:44
"420",-0.3853,-1.1927,0.4797,2021-12-12 13:57:45
"421",-0.7409,-1.1506,-0.5663,2021-12-12 13:57:46
"422",0.5585,-2.8467,-1.7904,2021-12-12 13:57:47
"423",0.6605,-2.0447,0.8841,2021-12-12 13:57:48
"424",0.325,-0.8394,0.1981,2021-12-12 13:57:49
"425",-0.4766,0.0962,0.1418,2021-12-12 13:57:50
"426",-0.3696,0.4131,0.0988,2021-12-12 13:57:51
"427",-0.4442,0.6388,0.0979,2021-12-12 13:57:52
"428",-0.8527,0.2425,-0.3012,2021-12-12 13:57:53
"429",-0.5433,-0.1202,-0.0242,2021-12-12 13:57:54
"430",0.00180000000000002,0.0229,0.2293,2021-12-12 13:57:55
"431",0.0282,0.3064,-0.2055,2021-12-12 13:57:56
"432",0.1114,0.3132,-0.0617,2021-12-12 13:57:57
"433",0.5288,-0.3073,0.3729,2021-12-12 13:57:58
"434",-0.1028,0.1265,-0.6356,2021-12-12 13:57:59
"435",0.0744,0.2279,1.2648,2021-12-12 13:58:00
"436",0.3252,-0.1278,0.61,2021-12-12 13:58:01
"437",-0.4358,-0.0324,-0.5025,2021-12-12 13:58:02
"438",-0.2644,-0.0207,0.2193,2021-12-12 13:58:03
"439",-0.9394,-0.5278,0.1704,2021-12-12 13:58:04
"440",-0.5239,-0.3309,-0.595,2021-12-12 13:58:05
"441",0.0239,-0.3061,0.0871,2021-12-12 13:58:06
"442",6.7419,-0.000900000000000012,-6.0302,2021-12-12 13:58:07
"443",-3.4996,-5.0778,-3.7466,2021-12-12 13:58:08
"444",0.2456,0.8696,0.0545,2021-12-12 13:58:09
"445",-34.7154,19.6429,-45.1143,2021-12-12 13:58:10
"446",-1.7765,-0.7591,1.1278,2021-12-12 13:58:11
"447",-1.5784,-2.7043,-3.138,2021-12-12 13:58:12
"448",0.0298,-0.1425,-0.6122,2021-12-12 13:58:13
"449",1.9757,1.4829,9.2817,2021-12-12 13:58:14
"450",-34.4799,-74.8503000000001,3.8883,2021-12-12 13:58:15
"451",17.1409,-23.76,5.1123,2021-12-12 13:58:16
"452",-0.6746,-0.2597,-0.8496,2021-12-12 13:58:17
"453",0.4817,-0.2834,0.3884,2021-12-12 13:58:18
"454",-0.7652,-0.3536,0.136,2021-12-12 13:58:19
"455",0.266,-0.2378,-0.4607,2021-12-12 13:58:20
"456",-0.6527,-0.3612,0.7694,2021-12-12 13:58:21
"457",-0.8496,-0.2782,1.2133,2021-12-12 13:58:22
"458",-1.0557,-2.2887,-1.3563,2021-12-12 13:58:23
"459",-1.4299,0.9797,-0.741,2021-12-12 13:58:24
"460",-2.0946,1.615,0.4733,2021-12-12 13:58:25
"461",-0.2116,2.1291,1.6725,2021-12-12 13:58:26
"462",-2.8302,2.9661,0.5839,2021-12-12 13:58:27
"463",-2.9625,2.3026,2.9632,2021-12-12 13:58:28
"464",-1.4065,1.2021,1.0762,2021-12-12 13:58:29
"465",-6.4619,5.6054,6.8161,2021-12-12 13:58:30
"466",-1.5945,0.2035,-0.5848,2021-12-12 13:58:31
"467",-1.4686,-0.5591,0.0348,2021-12-12 13:58:32
"468",-0.6172,-1.0943,4.8171,2021-12-12 13:58:33
"469",-0.658,-1.0862,0.2813,2021-12-12 13:58:34
"470",-1.0779,-4.718,1.6621,2021-12-12 13:58:35
"471",-5.82859999999999,-10.259,35.9891,2021-12-12 13:58:36
"472",-0.5572,-0.2917,-0.056,2021-12-12 13:58:37
"473",-0.1174,0.0207,0.4278,2021-12-12 13:58:38
"474",0.2655,0.0068,0.4698,2021-12-12 13:58:39
"475",0.352,0.047,-0.0612,2021-12-12 13:58:40
"476",1.5232,-2.0757,-0.897,2021-12-12 13:58:41
"477",-0.9872,-5.1072,-1.8528,2021-12-12 13:58:42
"478",0.6425,-0.1073,0.9901,2021-12-12 13:58:43
"479",0.313,-5.2556,-1.136,2021-12-12 13:58:44
"480",0.2688,-0.6143,0.9542,2021-12-12 13:58:45
"481",-1.4036,-0.00779999999999999,-1.9034,2021-12-12 13:58:46
"482",-0.6997,0.4384,-0.0791,2021-12-12 13:58:47
"483",-3.1081,1.7705,0.2704,2021-12-12 13:58:48
"484",-2.6224,-4.147,4.8136,2021-12-12 13:58:49
"485",9.56599999999998,1.2461,-4.52120000000001,2021-12-12 13:58:50
"486",-0.6843,0.2506,-0.0745,2021-12-12 13:58:51
"487",-1.0242,2.3251,-4.2192,2021-12-12 13:58:52
"488",-0.4951,0.0313,-0.8558,2021-12-12 13:58:53
"489",-0.0468,-0.1985,-1.584,2021-12-12 13:58:54
"490",-1.1232,-0.356,0.00870000000000004,2021-12-12 13:58:55
"491",-0.5193,0.1646,-0.3274,2021-12-12 13:58:56
"492",0.2036,-0.3413,0.3079,2021-12-12 13:58:57
"493",0.0142,-0.342,0.3849,2021-12-12 13:58:58
"494",-0.0324,0.2513,0.1682,2021-12-12 13:58:59
"495",-0.3659,-0.4308,-0.5912,2021-12-12 13:59:00
"496",-0.0924,0.2125,-1.2014,2021-12-12 13:59:01
"497",0.2359,0.2558,0.0913,2021-12-12 13:59:02
"498",6.5482,-3.688,12.6705,2021-12-12 13:59:03
"499",-11.9217,-14.3069,44.4862,2021-12-12 13:59:04
"500",-33.8342,-11.3072,16.663,2021-12-12 13:59:05
"501",0.3215,-0.9254,0.2004,2021-12-12 13:59:06
"502",-1.5587,-3.606,-0.2221,2021-12-12 13:59:07
"503",-4.6766,-0.4311,16.3376,2021-12-12 13:59:08
"504",-2.6103,0.2422,1.876,2021-12-12 13:59:09
"505",-1.1415,1.9295,-0.1496,2021-12-12 13:59:10
"506",-1.6506,2.1187,0.3172,2021-12-12 13:59:11
"507",-2.386,2.0929,0.2254,2021-12-12 13:59:12
"508",-1.079,1.6883,-0.5319,2021-12-12 13:59:13
"509",-1.8188,1.3307,-0.8195,2021-12-12 13:59:14
"510",-1.2246,1.066,0.3901,2021-12-12 13:59:15
"511",-1.2613,1.0203,0.8595,2021-12-12 13:59:16
"512",-1.9445,0.8732,0.1314,2021-12-12 13:59:17
"513",-0.5858,0.0898,-0.2552,2021-12-12 13:59:18
"514",0.0081,-0.3367,-0.9121,2021-12-12 13:59:19
"515",0.5083,-1.1075,-0.629,2021-12-12 13:59:20
"516",0.8979,-2.3521,-1.6074,2021-12-12 13:59:21
"517",0.8769,-2.3325,-0.622,2021-12-12 13:59:22
"518",0.3402,-0.7953,2.2205,2021-12-12 13:59:23
"519",0.0286,-0.198,-0.4158,2021-12-12 13:59:24
"520",-0.7086,-0.0541,-1.4082,2021-12-12 13:59:25
"521",-0.4056,0.1093,-0.3335,2021-12-12 13:59:26
"522",1.301,-0.2232,0.2491,2021-12-12 13:59:27
"523",0.6064,0.1167,0.3833,2021-12-12 13:59:28
"524",-0.6753,0.0297,0.9257,2021-12-12 13:59:29
"525",-0.4036,0.326,-0.1583,2021-12-12 13:59:30
"526",-1.8473,2.9276,-3.0465,2021-12-12 13:59:31
"527",-3.0717,-2.5733,-0.6328,2021-12-12 13:59:32
"528",0.768,-1.0155,0.8461,2021-12-12 13:59:33
"529",-1.0511,-0.5292,-0.8147,2021-12-12 13:59:34
"530",-0.7406,-0.4165,-0.0912,2021-12-12 13:59:35
"531",-0.991,-1.3391,-1.1131,2021-12-12 13:59:36
"532",5.9143,1.5548,-1.003,2021-12-12 13:59:37
"533",0.1924,-1.1448,-1.0052,2021-12-12 13:59:38
"534",-1.4773,-0.1986,-0.2014,2021-12-12 13:59:39
"535",0.3739,0.0277,-1.0989,2021-12-12 13:59:40
"536",0.6953,0.4782,0.1665,2021-12-12 13:59:41
"537",0.2654,0.0448,0.1628,2021-12-12 13:59:42
"538",0.2865,-0.0754,-0.0202,2021-12-12 13:59:43
"539",-0.5331,-0.0617,-1.4676,2021-12-12 13:59:44
"540",0.252,0.2717,-0.1446,2021-12-12 13:59:45
"541",-0.0505,-0.099,-0.4697,2021-12-12 13:59:46
"542",0.806,-0.5653,1.8748,2021-12-12 13:59:47
"543",0.1415,-0.3888,1.3501,2021-12-12 13:59:48
"544",0.3992,0.0669,0.7857,2021-12-12 13:59:49
"545",-0.4317,-0.1686,-0.0412,2021-12-12 13:59:50
"546",-0.2801,-0.1093,-0.3213,2021-12-12 13:59:51
"547",0.1698,-0.0792,-0.1598,2021-12-12 13:59:52
"548",-0.6666,0.1696,-0.3541,2021-12-12 13:59:53
"549",-0.2933,0.0905,-0.0746,2021-12-12 13:59:54
"550",-0.4278,0.1183,0.3313,2021-12-12 13:59:55
"551",-0.2264,0.1676,0.1203,2021-12-12 13:59:56
"552",-1.218,-0.3097,-0.00139999999999998,2021-12-12 13:59:57
"553",-0.2784,-0.1323,-0.0307,2021-12-12 13:59:58
"554",-0.081,-0.1349,0.1605,2021-12-12 13:59:59
"555",0.0754,-0.1173,0.487,2021-12-12 14:00:00
"556",2.3151,-3.6098,-0.478099999999999,2021-12-12 14:00:01
"557",18.54,-11.9396,10.7717,2021-12-12 14:00:02
"558",-9.9999999999989e-05,-0.5606,-1.9193,2021-12-12 14:00:03
"559",11.7192,-21.0528,-0.0792,2021-12-12 14:00:04
"560",0.791,0.5065,-0.8653,2021-12-12 14:00:05
"561",4.3144,0.261299999999999,-7.4377,2021-12-12 14:00:06
"562",2.102,-3.586,6.0929,2021-12-12 14:00:07
"563",116.0742,98.7391000000003,-295.6258,2021-12-12 14:00:08
"564",0.7427,0.6133,-2.1479,2021-12-12 14:00:09
"565",1.2622,-0.1147,-0.6554,2021-12-12 14:00:10
"566",0.2452,0.0218,-0.4579,2021-12-12 14:00:11
"567",4.4874,-0.1568,-1.4804,2021-12-12 14:00:12
"568",3.4923,-5.5586,-3.2578,2021-12-12 14:00:13
"569",8.2373,3.5697,-5.501,2021-12-12 14:00:14
"570",0.360600000000001,-3.0188,-7.85220000000001,2021-12-12 14:00:15
"571",0.0247,0.0275,-0.3869,2021-12-12 14:00:16
"572",1.8503,-2.108,6.0823,2021-12-12 14:00:17
"573",-22.312,-8.4436,-7.2094,2021-12-12 14:00:18
"574",1.9411,-0.7378,0.4312,2021-12-12 14:00:19
"575",-0.3347,-0.059,0.3156,2021-12-12 14:00:20
"576",-5.4848,0.4314,-8.2864,2021-12-12 14:00:21
"577",12.4013,-47.1901,-8.26870000000001,2021-12-12 14:00:22
"578",-0.7089,0.5254,-0.5788,2021-12-12 14:00:23
"579",-1.0026,-0.1388,-1.1141,2021-12-12 14:00:24
"580",0.7419,-0.2659,1.1014,2021-12-12 14:00:25
"581",-1.4771,-0.6629,1.0315,2021-12-12 14:00:26
"582",-1.5443,-1.0125,0.8141,2021-12-12 14:00:27
"583",-1.6648,-0.793,-0.3315,2021-12-12 14:00:28
"584",-0.5266,-0.1977,0.541,2021-12-12 14:00:29
"585",-1.5473,-0.6037,-0.8455,2021-12-12 14:00:30
"586",-1.4636,-1.0919,1.7455,2021-12-12 14:00:31
"587",-5.1209,-2.5676,5.0994,2021-12-12 14:00:32
"588",-0.2207,-1.0204,2.1069,2021-12-12 14:00:33
"589",2.5715,-37.3303,46.9431,2021-12-12 14:00:34
"590",-0.687700000000001,-2.2286,1.0226,2021-12-12 14:00:35
"591",-1.123,-1.1729,-2.0967,2021-12-12 14:00:36
"592",-0.1854,-2.5308,1.91339999999999,2021-12-12 14:00:37
"593",0.0146,-0.0033,-0.1283,2021-12-12 14:00:38
"594",0.9903,-0.0826,0.0948000000000013,2021-12-12 14:00:39
"595",-13.4121,-22.0533,13.0758,2021-12-12 14:00:40
"596",-0.4437,0.35,0.4314,2021-12-12 14:00:41
"597",0.7853,0.0614000000000001,6.2612,2021-12-12 14:00:42
"598",0.7704,0.3542,0.119,2021-12-12 14:00:43
"599",33.524,-5.3473,-14.9913,2021-12-12 14:00:44
"600",-0.1087,0.1279,-0.8923,2021-12-12 14:00:45
"601",-0.5385,0.3166,-0.0842,2021-12-12 14:00:46
"602",0.717,-1.207,-0.4969,2021-12-12 14:00:47
"603",20.0552,-35.4275,-1.2925,2021-12-12 14:00:48
"604",0.5972,-1.0132,0.6348,2021-12-12 14:00:49
"605",2.6323,-1.1657,-0.6685,2021-12-12 14:00:50
"606",3.2807,-1.0527,-0.1573,2021-12-12 14:00:51
"607",2.3681,-1.0659,1.4657,2021-12-12 14:00:52
"608",0.7932,0.7495,-0.743,2021-12-12 14:00:53
"609",-0.3777,-0.1634,3.0291,2021-12-12 14:00:54
"610",1.333,0.9563,4.1598,2021-12-12 14:00:55
"611",0.2312,-1.4738,0.2016,2021-12-12 14:00:56
"612",-1.0839,-1.5001,0.9163,2021-12-12 14:00:57
"613",-0.2454,0.4317,-0.14,2021-12-12 14:00:58
"614",1.3855,0.6667,-0.3065,2021-12-12 14:00:59
"615",-0.2032,0.3421,0.1339,2021-12-12 14:01:00
"616",-1.1551,0.4597,-3.636,2021-12-12 14:01:01
"617",-0.4589,-0.2949,0.8943,2021-12-12 14:01:02
"618",0.3106,0.4195,1.1958,2021-12-12 14:01:03
"619",-0.4715,-2.927,0.1842,2021-12-12 14:01:04
"620",-0.9197,-0.3386,1.2839,2021-12-12 14:01:05
"621",-1.1984,-0.8421,-1.0984,2021-12-12 14:01:06
"622",-0.5792,-0.0874,0.0135,2021-12-12 14:01:07
"623",0.6829,-0.4403,-1.1819,2021-12-12 14:01:08
"624",-0.5665,0.3441,0.4066,2021-12-12 14:01:09
"625",-0.6668,0.1285,0.527,2021-12-12 14:01:10
"626",0.391,-0.2726,-1.4098,2021-12-12 14:01:11
"627",1.7921,0.2097,-0.5247,2021-12-12 14:01:12
"628",-1.394,-0.8675,-0.6785,2021-12-12 14:01:13
"629",-2.4841,-1.4101,-0.6805,2021-12-12 14:01:14
"630",-2.9694,-3.7494,-0.4211,2021-12-12 14:01:15
"631",-44.6016000000001,-84.8024,50.6034,2021-12-12 14:01:16
"632",-3.4287,-3.0453,-0.0228,2021-12-12 14:01:17
"633",-0.819,-1.7228,2.4469,2021-12-12 14:01:18
"634",-2.6805,1.2956,1.8965,2021-12-12 14:01:19
"635",0.5844,-0.1102,-2.0302,2021-12-12 14:01:20
"636",-2.0716,1.312,-0.7401,2021-12-12 14:01:21
"637",0.433,-0.7982,0.0222,2021-12-12 14:01:22
"638",0.2698,0.5633,-1.6571,2021-12-12 14:01:23
"639",-6.4993,4.0814,17.559,2021-12-12 14:01:24
"640",7.1617,3.7269,5.4767,2021-12-12 14:01:25
"641",0.2384,-0.5398,10.2292,2021-12-12 14:01:26
"642",0.1411,0.1083,-0.2638,2021-12-12 14:01:27
"643",-0.0571,0.0416,-0.2388,2021-12-12 14:01:28
"644",0.039,-0.1245,-0.1682,2021-12-12 14:01:29
"645",0.0686,-0.0478,-0.5186,2021-12-12 14:01:30
"646",-0.6555,0.2192,3.4026,2021-12-12 14:01:31
"647",-4.4849,-1.1901,-6.4529,2021-12-12 14:01:32
"648",1.4606,2.0172,-0.9095,2021-12-12 14:01:33
"649",1.09,3.0256,-2.9624,2021-12-12 14:01:34
"650",2.3604,1.9156,-1.1992,2021-12-12 14:01:35
"651",2.5059,0.0604,0.109,2021-12-12 14:01:36
"652",2.979,-0.1303,-1.5059,2021-12-12 14:01:37
"653",1.945,2.1986,-1.5467,2021-12-12 14:01:38
"654",1.8585,1.3442,-1.6911,2021-12-12 14:01:39
"655",1.0631,2.5455,-0.7614,2021-12-12 14:01:40
"656",0.8615,2.1298,-3.0658,2021-12-12 14:01:41
"657",-0.1679,-1.2433,1.6008,2021-12-12 14:01:42
"658",-1.3457,-0.2245,-0.8976,2021-12-12 14:01:43
"659",-1.0077,-1.759,1.5884,2021-12-12 14:01:44
"660",0.5711,-3.0618,2.2132,2021-12-12 14:01:45
"661",1.9761,-2.783,1.2332,2021-12-12 14:01:46
"662",0.129,-0.3254,1.7851,2021-12-12 14:01:47
"663",1.2248,-0.7042,-0.9253,2021-12-12 14:01:48
"664",1.4069,0.0998,0.1713,2021-12-12 14:01:49
"665",0.6844,1.0736,1.0768,2021-12-12 14:01:50
"666",-1.8167,-1.988,0.3181,2021-12-12 14:01:51
"667",-2.4718,-1.3886,-0.2065,2021-12-12 14:01:52
"668",0.1567,-1.3264,-0.2,2021-12-12 14:01:53
"669",2.9077,1.8761,3.2277,2021-12-12 14:01:54
"670",-1.6358,-2.4198,-1.3349,2021-12-12 14:01:55
"671",-3.6153,-5.1596,-2.9881,2021-12-12 14:01:56
"672",-3.4461,-2.0678,0.1121,2021-12-12 14:01:57
"673",0.2284,-2.6025,-0.1762,2021-12-12 14:01:58
"674",-0.6857,-1.7253,1.0094,2021-12-12 14:01:59
"675",-0.3877,-2.0796,2.0366,2021-12-12 14:02:00
"676",-0.833,0.3271,0.5513,2021-12-12 14:02:01
"677",-0.4757,-0.5417,-0.3118,2021-12-12 14:02:02
"678",1.073,-2.6691,-0.1752,2021-12-12 14:02:03
"679",-1.0345,-3.0779,-1.3632,2021-12-12 14:02:04
"680",-0.719,-0.1667,-0.2754,2021-12-12 14:02:05
"681",1.2764,-3.0307,-3.298,2021-12-12 14:02:06
"682",3.676,-2.843,1.4184,2021-12-12 14:02:07
"683",2.3065,-0.0926,2.0832,2021-12-12 14:02:08
"684",1.79,-1.2216,0.222,2021-12-12 14:02:09
"685",2.0639,-1.6612,-0.8581,2021-12-12 14:02:10
"686",0.6583,-2.8833,-0.729,2021-12-12 14:02:11
"687",0.9923,-3.1725,1.7757,2021-12-12 14:02:12
"688",0.6031,-1.172,0.7213,2021-12-12 14:02:13
"689",0.2727,-0.9839,0.1126,2021-12-12 14:02:14
"690",0.4336,-0.4299,0.0606,2021-12-12 14:02:15
"691",-0.1139,-0.4127,0.0985,2021-12-12 14:02:16
"692",-0.4277,-0.9613,0.406,2021-12-12 14:02:17
"693",-0.413,-0.6201,0.2205,2021-12-12 14:02:18
"694",-0.7558,0.436,-0.9138,2021-12-12 14:02:19
"695",1.1626,-0.2447,-0.7117,2021-12-12 14:02:20
"696",1.9838,1.3762,-0.2773,2021-12-12 14:02:21
"697",-6.7359,-4.4163,1.7618,2021-12-12 14:02:22
"698",-0.2743,-0.2177,-0.2567,2021-12-12 14:02:23
"699",0.8039,-1.5892,-1.4277,2021-12-12 14:02:24
"700",-0.211,-0.3346,0.7196,2021-12-12 14:02:25
"701",-1.0716,-15.7042,19.2515,2021-12-12 14:02:26
"702",16.3482,-3.0508,9.5839,2021-12-12 14:02:27
"703",34.2584,-4.6574,8.0761,2021-12-12 14:02:28
"704",0.3769,-4.1619,-1.9223,2021-12-12 14:02:29
"705",4.8721,4.587,-4.3009,2021-12-12 14:02:30
"706",0.1953,-0.5212,-0.8122,2021-12-12 14:02:31
"707",-1.7705,0.076,1.4857,2021-12-12 14:02:32
"708",-0.9246,-0.3741,0.1489,2021-12-12 14:02:33
"709",0.8069,1.0259,-2.5716,2021-12-12 14:02:34
"710",-2.1898,0.1166,-1.1526,2021-12-12 14:02:35
"711",0.9025,-0.795,-0.712,2021-12-12 14:02:36
"712",1.0948,-0.4329,0.3032,2021-12-12 14:02:37
"713",-0.5963,-0.144,1.4583,2021-12-12 14:02:38
"714",0.7751,-0.951,-2.8703,2021-12-12 14:02:39
"715",-0.7606,0.7474,-0.7731,2021-12-12 14:02:40
"716",-9.1858,-7.1422,-16.0849,2021-12-12 14:02:41
"717",0.1433,-0.2327,-0.0558,2021-12-12 14:02:42
"718",-0.1229,-0.1987,0.0125,2021-12-12 14:02:43
"719",-0.8096,-1.401,-2.6419,2021-12-12 14:02:44
"720",3.4387,0.7096,-1.0139,2021-12-12 14:02:45
"721",1.3763,-0.7978,0.0645,2021-12-12 14:02:46
"722",-0.8519,-0.9539,-0.2238,2021-12-12 14:02:47
"723",-0.3983,-0.7227,0.0445,2021-12-12 14:02:48
"724",0.1904,-0.386,0.1661,2021-12-12 14:02:49
"725",-2.3184,-0.9878,0.8109,2021-12-12 14:02:50
"726",-0.6718,-0.1027,-0.7391,2021-12-12 14:02:51
"727",1.2562,5.4159,3.8287,2021-12-12 14:02:52
"728",-4.5241,-3.9306,1.425,2021-12-12 14:02:53
"729",5.9091,-0.6033,-10.2069,2021-12-12 14:02:54
"730",-0.0664,-0.7126,1.258,2021-12-12 14:02:55
"731",0.2058,0.1145,-0.6194,2021-12-12 14:02:56
"732",-0.3667,-2.7456,7.5941,2021-12-12 14:02:57
"733",0.53,1.3257,0.5797,2021-12-12 14:02:58
"734",0.343,-0.2748,0.2757,2021-12-12 14:02:59
"735",-0.0147,-1.567,-0.9199,2021-12-12 14:03:00
"736",-1.6559,2.7229,-2.3666,2021-12-12 14:03:01
"737",1.1866,-2.0315,0.3037,2021-12-12 14:03:02
"738",-0.0197,-0.1839,-0.2454,2021-12-12 14:03:03
"739",-2.4354,-0.4663,1.5128,2021-12-12 14:03:04
"740",1.477,-2.7462,0.0869,2021-12-12 14:03:05
"741",-0.931,-1.577,-0.6484,2021-12-12 14:03:06
"742",-0.0068,-0.4992,0.074,2021-12-12 14:03:07
"743",0.6374,-1.1444,1.7346,2021-12-12 14:03:08
"744",0.4533,-0.5403,-0.4324,2021-12-12 14:03:09
"745",0.0326,-0.0304,-0.0601,2021-12-12 14:03:10
"746",-0.0124,0.0569,0.0342,2021-12-12 14:03:11
"747",0.1061,-0.0202,-0.0924,2021-12-12 14:03:12
"748",-46.4149,32.9387,44.2998,2021-12-12 14:03:13
"749",-2.1908,-1.3911,0.5008,2021-12-12 14:03:14
"750",3.4589,-0.2103,1.1948,2021-12-12 14:03:15
"751",-4.2327,-3.4084,2.2592,2021-12-12 14:03:16
"752",14.8332,-36.439,10.4192,2021-12-12 14:03:17
"753",-0.1561,0.0397,-0.0352,2021-12-12 14:03:18
"754",-0.1228,-5e-04,-0.2227,2021-12-12 14:03:19
"755",-0.1021,-0.0704,0.0417,2021-12-12 14:03:20
"756",0.394,-1.0769,-0.3558,2021-12-12 14:03:21
"757",0.1711,0.3376,-0.9615,2021-12-12 14:03:22
"758",0.9283,-0.666,-0.1513,2021-12-12 14:03:23
"759",-1.8358,-0.0203,5.0717,2021-12-12 14:03:24
"760",-0.8672,-0.2475,8.6797,2021-12-12 14:03:25
"761",-0.7241,-0.1312,-0.1045,2021-12-12 14:03:26
"762",-117.0203,2.4578,-18.8546,2021-12-12 14:03:27
"763",-0.1299,-0.1499,-1.2823,2021-12-12 14:03:28
"764",-0.5565,-0.438,-1.3537,2021-12-12 14:03:29
"765",-5e-04,-0.0246,-0.0278,2021-12-12 14:03:30
"766",-0.399200000000001,3.05070000000001,-6.8175,2021-12-12 14:03:31
"767",0.0082,-0.0235,-0.0487,2021-12-12 14:03:32
"768",0.0663,-0.959300000000001,-1.6596,2021-12-12 14:03:33
"769",0.3374,0.1269,-0.8149,2021-12-12 14:03:34
"770",-0.0549,0.3152,-0.3852,2021-12-12 14:03:35
"771",-0.0011,0.0329,-0.0726,2021-12-12 14:03:36
"772",0.1127,0.1194,-0.8436,2021-12-12 14:03:37
"773",-1.0547,0.853500000000001,-3.50759999999999,2021-12-12 14:03:38
"774",-0.057,-0.038,-0.1672,2021-12-12 14:03:39
"775",-0.4081,1.7208,-0.0119,2021-12-12 14:03:40
"776",0.028,-0.0537,-0.1094,2021-12-12 14:03:41
"777",-0.3945,0.0819,0.0054,2021-12-12 14:03:42
"778",0.1028,0.1499,-0.4441,2021-12-12 14:03:43
"779",0.0788,-0.0058,-0.1198,2021-12-12 14:03:44
"780",3.96179999999999,2.6078,16.4622,2021-12-12 14:03:45
"781",-0.0019,-0.006,-0.0549,2021-12-12 14:03:46
"782",0.0059,-0.0053,-0.0956,2021-12-12 14:03:47
"783",0.0292,0.2193,-0.055,2021-12-12 14:03:48
"784",-0.139,-0.6184,-1.3115,2021-12-12 14:03:49
"785",0.0077,0.0442,-0.0693,2021-12-12 14:03:50
"786",0.0038,0.0545,-0.1626,2021-12-12 14:03:51
"787",0.0488,-0.0713,-0.2322,2021-12-12 14:03:52
"788",-0.0121,0.0043,-0.055,2021-12-12 14:03:53
"789",-0.058,0.176,-0.5339,2021-12-12 14:03:54
"790",-0.0237,0.2341,-0.8506,2021-12-12 14:03:55
"791",0.0071,0.002,-0.0455,2021-12-12 14:03:56
"792",2.4766,-0.0463,-5.41310000000001,2021-12-12 14:03:57
"793",-0.4526,-0.6945,-0.3713,2021-12-12 14:03:58
"794",0.033,0.1128,-1.1237,2021-12-12 14:03:59
"795",-0.2029,0.0144,-1.1143,2021-12-12 14:04:00
"796",0.0908,0.0863,-0.3231,2021-12-12 14:04:01
"797",-0.0642,-0.0241,0.0989,2021-12-12 14:04:02
"798",0.0364,-0.0378,-0.3862,2021-12-12 14:04:03
"799",0.6786,-0.2272,-0.7295,2021-12-12 14:04:04
"800",-0.823,-1.0154,0.7475,2021-12-12 14:04:05
"801",0.203,-0.3555,0.7812,2021-12-12 14:04:06
"802",-0.388,0.2268,-0.3184,2021-12-12 14:04:07
"803",0.0255,-0.0199,-0.1568,2021-12-12 14:04:08
"804",0.0294,-0.1145,-0.041,2021-12-12 14:04:09
"805",0.1224,-0.1928,0.1754,2021-12-12 14:04:10
"806",0.0712,-0.0513,-0.0683,2021-12-12 14:04:11
"807",0.0018,-0.0464,-0.1906,2021-12-12 14:04:12
"808",0.1618,-0.0713,-0.0795,2021-12-12 14:04:13
"809",0.00609999999999999,-0.043,-0.405,2021-12-12 14:04:14
"810",2.1061,-1.0339,-1.2086,2021-12-12 14:04:15
"811",0.0981,-0.1666,-0.3941,2021-12-12 14:04:16
"812",0.1675,-0.1454,0.0884,2021-12-12 14:04:17
"813",0.0837,0.0418,-0.0501,2021-12-12 14:04:18
"814",0.5042,-0.3912,0.1574,2021-12-12 14:04:19
"815",0.1025,-0.1128,0.2907,2021-12-12 14:04:20
"816",-0.5538,0.0537,0.9086,2021-12-12 14:04:21
"817",0.2429,-0.1624,0.0702,2021-12-12 14:04:22
"818",0.0888,0.0578,-0.1013,2021-12-12 14:04:23
"819",0.0354,-0.0086,-0.1302,2021-12-12 14:04:24
"820",-0.3923,0.4661,-0.1812,2021-12-12 14:04:25
"821",-0.0388,0.2443,0.0465,2021-12-12 14:04:26
