"","x","y","z","t","class"
"1",-1.8168,0.1973,-2.0512,2021-12-18 13:52:39,2
"2",-2.0638,0.2953,-1.6308,2021-12-18 13:52:40,2
"3",-0.1583,-4.9013,2.1158,2021-12-18 13:52:41,2
"4",1.1491,7.8272,11.0313,2021-12-18 13:52:42,2
"5",-1.2461,1.4809,6.0567,2021-12-18 13:52:43,2
"6",-6.4576,9.6283,1.4947,2021-12-18 13:52:44,2
"7",-14.3405,-9.9533,3.1959,2021-12-18 13:52:45,2
"8",2.1505,-0.7632,-0.5687,2021-12-18 13:52:46,2
"9",-1.2821,0.8991,0.9872,2021-12-18 13:52:47,2
"10",-0.0471999999999999,0.7343,0.7657,2021-12-18 13:52:48,2
"11",0.586,0.3041,0.3954,2021-12-18 13:52:49,2
"12",0.098,1.0829,-2.4745,2021-12-18 13:52:50,2
"13",14.9544,-9.035,11.4484,2021-12-18 13:52:51,2
"14",7.2396,-5.3539,-7.2862,2021-12-18 13:52:52,2
"15",0.7177,-2.1584,3.9367,2021-12-18 13:52:53,2
"16",-2.4,-0.8558,-6.4639,2021-12-18 13:52:54,2
"17",34.8914,0.9336,2.4326,2021-12-18 13:52:55,2
"18",2.5836,-1.739,0.2493,2021-12-18 13:52:56,2
"19",32.3849,40.2375,-36.8748,2021-12-18 13:52:57,2
"20",4.043,-2.097,-12.7561,2021-12-18 13:52:58,2
"21",0.4966,-0.4946,2.5831,2021-12-18 13:52:59,2
"22",1.3062,-3.396,1.2258,2021-12-18 13:53:00,2
"23",-0.8287,-0.1745,1.321,2021-12-18 13:53:01,2
"24",-0.1184,1.3179,2.8314,2021-12-18 13:53:02,2
"25",1.0306,2.4725,0.3171,2021-12-18 13:53:03,2
"26",0.1059,0.7079,5.9434,2021-12-18 13:53:04,2
"27",0.359,3.7968,1.7941,2021-12-18 13:53:05,2
"28",-0.9781,-0.0682999999999999,-1.3386,2021-12-18 13:53:06,2
"29",-2.3412,-1.0681,-7.9108,2021-12-18 13:53:07,2
"30",0.5593,-0.932,-6.3624,2021-12-18 13:53:08,2
"31",0.4719,-1.9056,-0.755,2021-12-18 13:53:09,2
"32",-0.9882,1.0886,4.0292,2021-12-18 13:53:10,2
"33",-0.9067,0.5268,5.6319,2021-12-18 13:53:11,2
"34",2.1489,2.2527,0.5171,2021-12-18 13:53:12,2
"35",-1.1215,0.9394,-11.5685,2021-12-18 13:53:13,2
"36",-0.5083,0.6766,-4.4689,2021-12-18 13:53:14,2
"37",2.7193,2.4335,-0.9581,2021-12-18 13:53:15,2
"38",-2.204,1.1154,-2.0774,2021-12-18 13:53:16,2
"39",0.3662,0.0306,-0.443,2021-12-18 13:53:17,2
"40",0.2175,0.0825,0.0303,2021-12-18 13:53:18,2
"41",-2.0233,-0.00950000000000001,-1.2427,2021-12-18 13:53:19,2
"42",0.4708,0.1938,2.153,2021-12-18 13:53:20,2
"43",-2.2822,2.3265,-1.0868,2021-12-18 13:53:21,2
"44",1.0199,1.78,-3.5991,2021-12-18 13:53:22,2
"45",0.4039,3.9622,-7.7191,2021-12-18 13:53:23,2
"46",1.4196,2.0105,-11.7118,2021-12-18 13:53:24,2
"47",3.2102,-6.3179,-4.1057,2021-12-18 13:53:25,2
"48",0.0489,0.7866,1.78,2021-12-18 13:53:26,2
"49",-2.5144,2.6352,1.8061,2021-12-18 13:53:27,2
"50",7.8725,-1.3463,-0.5307,2021-12-18 13:53:28,2
"51",5.0605,-3.41,8.4832,2021-12-18 13:53:29,2
"52",8.4124,10.0004,-6.6928,2021-12-18 13:53:30,2
"53",7.4361,0.8234,-12.9807,2021-12-18 13:53:31,2
"54",-0.2112,5.2746,0.6312,2021-12-18 13:53:32,2
"55",14.5545,-19.5939,1.8831,2021-12-18 13:53:33,2
"56",-5.8409,0.0879000000000001,6.2066,2021-12-18 13:53:34,2
"57",6.9951,4.1372,-9.2024,2021-12-18 13:53:35,2
"58",9.4356,5.83,-7.1711,2021-12-18 13:53:36,2
"59",-2.3811,8.8599,-3.0322,2021-12-18 13:53:37,2
"60",74.3534,20.2683,-50.4838,2021-12-18 13:53:38,2
"61",6.6778,-2.1408,-15.5573,2021-12-18 13:53:39,2
"62",8.1514,-3.3331,-6.8723,2021-12-18 13:53:40,2
"63",1.3498,12.0726,13.5003,2021-12-18 13:53:41,2
"64",0.4413,5.3755,1.684,2021-12-18 13:53:42,2
"65",-1.7849,-2.6666,-48.8612,2021-12-18 13:53:43,2
"66",-3.5472,2.33,4.8468,2021-12-18 13:53:44,2
"67",-38.6058,-10.3541,-9.85179999999999,2021-12-18 13:53:45,2
"68",15.5051,-11.6095,29.0913,2021-12-18 13:53:46,2
"69",37.8738,-202.7321,268.9245,2021-12-18 13:53:47,2
"70",0.9444,2.4505,-8.4548,2021-12-18 13:53:48,2
"71",0.9452,6.4365,0.4669,2021-12-18 13:53:49,2
"72",0.515,-1.3419,4.1891,2021-12-18 13:53:50,2
"73",-13.2922,28.8541,-59.8461,2021-12-18 13:53:51,2
"74",-1.6685,-6.8632,5.2659,2021-12-18 13:53:52,2
"75",-6.1112,-3.6814,4.6557,2021-12-18 13:53:53,2
"76",-0.7676,0.8058,-5.2838,2021-12-18 13:53:54,2
"77",1.3257,-3.2069,-0.5052,2021-12-18 13:53:55,2
"78",-0.2278,-2.6046,5.2419,2021-12-18 13:53:56,2
"79",16.7729,-47.0917,20.6592,2021-12-18 13:53:57,2
"80",-0.9287,4.1543,2.2342,2021-12-18 13:53:58,2
"81",-1.623,-10.0475,8.9633,2021-12-18 13:53:59,2
"82",-5.3156,-3.701,6.1138,2021-12-18 13:54:00,2
"83",-1.7224,2.8668,-1.0222,2021-12-18 13:54:01,2
"84",7.2434,9.0866,-9.0148,2021-12-18 13:54:02,2
"85",0.4942,11.8666,5.4772,2021-12-18 13:54:03,2
"86",5.5282,-0.5241,-10.5706,2021-12-18 13:54:04,2
"87",-1.3858,-1.6228,-3.2261,2021-12-18 13:54:05,2
"88",87.327,61.158,132.6138,2021-12-18 13:54:06,2
"89",-1.558,-6.5302,2.8832,2021-12-18 13:54:07,2
"90",-5.867,-6.7493,8.5139,2021-12-18 13:54:08,2
"91",0.134,-3.3666,2.3867,2021-12-18 13:54:09,2
"92",-6.8862,-5.1768,2.3403,2021-12-18 13:54:10,2
"93",-2.6016,-5.0082,-15.0431,2021-12-18 13:54:11,2
"94",3.6637,9.1385,-1.2222,2021-12-18 13:54:12,2
"95",-5.7234,-3.0842,-0.0478,2021-12-18 13:54:13,2
"96",-6.2305,-5.6178,4.1364,2021-12-18 13:54:14,2
"97",-3.0877,-1.7739,5.9258,2021-12-18 13:54:15,2
"98",15.061,34.0132,58.9079,2021-12-18 13:54:16,2
"99",0.0434,-5.7711,1.6359,2021-12-18 13:54:17,2
"100",-1.9354,-14.4341,-3.8194,2021-12-18 13:54:18,2
"101",-1.811,-9.7309,-0.9937,2021-12-18 13:54:19,2
"102",2.5113,1.7162,-11.4926,2021-12-18 13:54:20,2
"103",4.0696,19.3341,5.3835,2021-12-18 13:54:21,2
"104",-3.4748,-4.0796,-0.0829,2021-12-18 13:54:22,2
"105",5.5723,-1.7189,-4.7453,2021-12-18 13:54:23,2
"106",3.7592,-5.2591,-8.0145,2021-12-18 13:54:24,2
"107",4.04,-1.2689,0.418,2021-12-18 13:54:25,2
"108",-1.8604,7.9092,-1.3931,2021-12-18 13:54:26,2
"109",-6.1767,-4.0908,-3.015,2021-12-18 13:54:27,2
"110",2.0736,-0.2334,-11.9111,2021-12-18 13:54:28,2
"111",-3.7012,-4.5383,7.2587,2021-12-18 13:54:29,2
"112",-0.638,-9.0826,2.0003,2021-12-18 13:54:30,2
"113",-6.0935,-0.541,0.468,2021-12-18 13:54:31,2
"114",0.2357,-6.9659,-1.8118,2021-12-18 13:54:32,2
"115",-1.2495,1.944,5.3356,2021-12-18 13:54:33,2
"116",-1.8336,0.0383999999999998,2.621,2021-12-18 13:54:34,2
"117",-7.7295,-8.8352,-15.0369,2021-12-18 13:54:35,2
"118",-5.826,18.1578,-3.051,2021-12-18 13:54:36,2
"119",2.106,-2.5547,2.7744,2021-12-18 13:54:37,2
"120",-67.167,-46.4832,12.3221,2021-12-18 13:54:38,2
"121",-2.8371,18.0296,6.7139,2021-12-18 13:54:39,2
"122",-0.8823,0.5618,-5.2814,2021-12-18 13:54:40,2
"123",-8.1565,-25.4872,1.1783,2021-12-18 13:54:41,2
"124",-6.8979,-3.172,10.2696,2021-12-18 13:54:42,2
"125",-0.7601,2.3824,-3.7077,2021-12-18 13:54:43,2
"126",-7.727,6.757,-16.1177,2021-12-18 13:54:44,2
"127",-16.8352,-7.0328,-31.5236,2021-12-18 13:54:45,2
"128",-0.4872,6.1823,4.6073,2021-12-18 13:54:46,2
"129",-5.9358,-2.6567,-4.3909,2021-12-18 13:54:47,2
"130",4.3372,4.5262,-8.8045,2021-12-18 13:54:48,2
"131",-0.7192,0.9977,-4.352,2021-12-18 13:54:49,2
"132",2.4552,9.6839,-10.3621,2021-12-18 13:54:50,2
"133",-1.4178,8.833,4.6982,2021-12-18 13:54:51,2
"134",17.0047,12.9864,-3.5438,2021-12-18 13:54:52,2
"135",-2.4589,4.5074,5.1471,2021-12-18 13:54:53,2
"136",1.883,-0.6137,3.975,2021-12-18 13:54:54,2
"137",35.2613,12.4412,-36.4534,2021-12-18 13:54:55,2
"138",0.1256,-0.3963,2.342,2021-12-18 13:54:56,2
"139",35.2618,-0.020999999999999,-43.4895,2021-12-18 13:54:57,2
"140",-5.7695,-3.3235,5.29,2021-12-18 13:54:58,2
"141",-4.656,-44.6445,34.0289,2021-12-18 13:54:59,2
"142",-1.7737,6.4192,-1.223,2021-12-18 13:55:00,2
"143",0.8545,0.9045,-0.5237,2021-12-18 13:55:01,2
"144",-5.0114,-13.2506,13.021,2021-12-18 13:55:02,2
"145",-1.3793,-2.8463,7.9965,2021-12-18 13:55:03,2
"146",-3.4526,6.7096,-6.8824,2021-12-18 13:55:04,2
"147",-4.1518,-11.3753,6.8389,2021-12-18 13:55:05,2
"148",-7.5097,1.7766,4.5576,2021-12-18 13:55:06,2
"149",4.2614,8.1378,9.9814,2021-12-18 13:55:07,2
"150",7.4305,7.4919,-11.9363,2021-12-18 13:55:08,2
"151",-5.1815,-1.8771,2.8855,2021-12-18 13:55:09,2
"152",-5.932,-7.5568,-2.451,2021-12-18 13:55:10,2
"153",-0.9972,-1.6648,-0.4532,2021-12-18 13:55:11,2
"154",4.9084,5.1296,-9.4336,2021-12-18 13:55:12,2
"155",1.6676,-1.9561,-2.1911,2021-12-18 13:55:13,2
"156",-3.672,1.1318,5.5965,2021-12-18 13:55:14,2
"157",-7.3062,0.1699,-9.3338,2021-12-18 13:55:15,2
"158",5.1858,-4.605,3.7588,2021-12-18 13:55:16,2
"159",1.4168,-5.8914,-6.076,2021-12-18 13:55:17,2
"160",-1.9308,3.479,0.2844,2021-12-18 13:55:18,2
"161",-1.2762,-4.8937,0.4477,2021-12-18 13:55:19,2
"162",-4.6529,4.2457,-2.9426,2021-12-18 13:55:20,2
"163",5.1689,-4.5002,-2.8387,2021-12-18 13:55:21,2
"164",1.8024,10.4243,9.4772,2021-12-18 13:55:22,2
"165",-4.7543,1.5239,2.0825,2021-12-18 13:55:23,2
"166",-5.3476,-1.8554,8.7639,2021-12-18 13:55:24,2
"167",3.2669,-4.4046,-1.92,2021-12-18 13:55:25,2
"168",2.4056,-0.4389,-11.0028,2021-12-18 13:55:26,2
"169",-1.7701,3.6577,-0.24,2021-12-18 13:55:27,2
"170",-1.2985,10.2884,6.2539,2021-12-18 13:55:28,2
"171",0.7893,-4.9551,1.3509,2021-12-18 13:55:29,2
"172",2.089,1.5512,-4.7318,2021-12-18 13:55:30,2
"173",1.6201,1.4631,-4.9125,2021-12-18 13:55:31,2
"174",-3.3916,1.5803,3.1594,2021-12-18 13:55:32,2
"175",-1.5949,-7.8833,-1.2611,2021-12-18 13:55:33,2
"176",-6.4756,-3.1052,3.9835,2021-12-18 13:55:34,2
"177",1.8178,-2.7123,-1.5597,2021-12-18 13:55:35,2
"178",-4.0236,9.905,3.0184,2021-12-18 13:55:36,2
"179",3.1884,8.4265,4.1842,2021-12-18 13:55:37,2
"180",-1.1511,-8.8168,1.3953,2021-12-18 13:55:38,2
"181",0.2376,-5.8728,2.0203,2021-12-18 13:55:39,2
"182",8.802,0.1264,-6.56,2021-12-18 13:55:40,2
"183",2.2063,12.3898,10.4677,2021-12-18 13:55:41,2
"184",0.5605,1.6888,5.0251,2021-12-18 13:55:42,2
"185",-3.5855,-6.8972,2.3548,2021-12-18 13:55:43,2
"186",-5.2831,-3.6884,8.9971,2021-12-18 13:55:44,2
"187",3.4273,1.7787,-8.4228,2021-12-18 13:55:45,2
"188",2.223,3.6929,-3.6349,2021-12-18 13:55:46,2
"189",2.2528,7.911,2.7456,2021-12-18 13:55:47,2
"190",1.1193,9.1635,2.1009,2021-12-18 13:55:48,2
"191",-2.8816,-8.2009,-2.4083,2021-12-18 13:55:49,2
"192",-4.7482,-4.9634,2.1588,2021-12-18 13:55:50,2
"193",1.476,-1.9708,-10.2402,2021-12-18 13:55:51,2
"194",5.6183,1.1133,-0.3158,2021-12-18 13:55:52,2
"195",2.1322,8.4896,3.2389,2021-12-18 13:55:53,2
"196",-1.4879,-0.4158,2.3526,2021-12-18 13:55:54,2
"197",-3.786,1.1841,2.3332,2021-12-18 13:55:55,2
"198",4.8509,3.4384,-6.4034,2021-12-18 13:55:56,2
"199",4.3747,6.7406,-1.3499,2021-12-18 13:55:57,2
"200",-3.968,-3.8303,-6.068,2021-12-18 13:55:58,2
"201",-2.1438,-8.5211,2.5363,2021-12-18 13:55:59,2
"202",-2.8369,-2.3193,-4.584,2021-12-18 13:56:00,2
"203",-6.1547,-0.1277,4.9876,2021-12-18 13:56:01,2
"204",1.4796,-4.8745,0.4568,2021-12-18 13:56:02,2
"205",0.6785,-2.0745,-3.9167,2021-12-18 13:56:03,2
"206",-9.1595,2.9529,10.3196,2021-12-18 13:56:04,2
"207",-3.6389,-1.6312,5.3837,2021-12-18 13:56:05,2
"208",-0.2445,-12.8353,-21.0892,2021-12-18 13:56:06,2
"209",-1.4894,2.2189,1.4099,2021-12-18 13:56:07,2
"210",-1.0496,-0.7048,2.6503,2021-12-18 13:56:08,2
"211",4.9967,-1.6682,-8.9964,2021-12-18 13:56:09,2
"212",-1.4145,-6.3756,4.6557,2021-12-18 13:56:10,2
"213",-0.8679,-5.103,-0.8044,2021-12-18 13:56:11,2
"214",-6.0455,-15.591,4.9801,2021-12-18 13:56:12,2
"215",-11.6518,-4.9346,17.9268,2021-12-18 13:56:13,2
"216",1.3642,4.5837,8.751,2021-12-18 13:56:14,2
"217",3.2745,-4.3359,-7.0286,2021-12-18 13:56:15,2
"218",1.8563,13.9085,9.7922,2021-12-18 13:56:16,2
"219",-3.5766,2.5277,1.0246,2021-12-18 13:56:17,2
"220",-1.709,-8.1317,6.6537,2021-12-18 13:56:18,2
"221",9.6602,1.6976,-7.7461,2021-12-18 13:56:19,2
"222",4.2215,-2.5967,-7.4838,2021-12-18 13:56:20,2
"223",1.031,4.8514,-4.1182,2021-12-18 13:56:21,2
"224",-9.7222,-9.2258,12.7106,2021-12-18 13:56:22,2
"225",-0.2373,-2.7343,3.8824,2021-12-18 13:56:23,2
"226",5.5961,-5.043,-0.2957,2021-12-18 13:56:24,2
"227",6.1563,12.9554,15.689,2021-12-18 13:56:25,2
"228",-0.2795,-0.0606,3.5569,2021-12-18 13:56:26,2
"229",-3.6562,-5.7136,-2.1845,2021-12-18 13:56:27,2
"230",0.4877,-4.5011,0.1648,2021-12-18 13:56:28,2
"231",3.9967,-6.3281,-7.3917,2021-12-18 13:56:29,2
"232",4.7485,5.6069,-6.5709,2021-12-18 13:56:30,2
"233",-3.7973,-6.4379,-0.0647,2021-12-18 13:56:31,2
"234",-5.6102,-7.4433,9.0577,2021-12-18 13:56:32,2
"235",-1.3596,-1.6162,-7.4152,2021-12-18 13:56:33,2
"236",2.1411,-4.1997,-5.6992,2021-12-18 13:56:34,2
"237",1.4848,9.1369,-4.4536,2021-12-18 13:56:35,2
"238",1.5296,-3.2754,7.1364,2021-12-18 13:56:36,2
"239",0.87,-6.2257,2.858,2021-12-18 13:56:37,2
"240",-2.5266,3.6624,0.00840000000000007,2021-12-18 13:56:38,2
"241",6.94,-3.1269,-11.2522,2021-12-18 13:56:39,2
"242",6.6332,3.812,-4.9158,2021-12-18 13:56:40,2
"243",-0.5087,4.8333,2.9502,2021-12-18 13:56:41,2
"244",-3.4601,-1.7011,1.619,2021-12-18 13:56:42,2
"245",-2.0605,-5.1235,0.5701,2021-12-18 13:56:43,2
"246",3.2687,3.4931,-6.5198,2021-12-18 13:56:44,2
"247",3.9144,5.2907,-7.7624,2021-12-18 13:56:45,2
"248",-1.7457,11.8146,9.7012,2021-12-18 13:56:46,2
"249",-5.1452,-13.6772,-1.0306,2021-12-18 13:56:47,2
"250",-3.9949,-6.3326,0.5561,2021-12-18 13:56:48,2
"251",-3.416,-2.0117,-7.333,2021-12-18 13:56:49,2
"252",4.374,-2.8482,-3.5116,2021-12-18 13:56:50,2
"253",3.4266,15.8932,12.9566,2021-12-18 13:56:51,2
"254",-3.3555,-3.2913,1.7124,2021-12-18 13:56:52,2
"255",-6.0583,-6.6258,2.3255,2021-12-18 13:56:53,2
"256",-1.442,7.7214,20.6276,2021-12-18 13:56:54,2
"257",3.5023,2.5122,-7.2733,2021-12-18 13:56:55,2
"258",2.1403,8.8729,-6.4182,2021-12-18 13:56:56,2
"259",-0.8779,13.5053,14.3368,2021-12-18 13:56:57,2
"260",-0.0703,-0.9115,1.1288,2021-12-18 13:56:58,2
"261",2.0539,-1.6777,0.8913,2021-12-18 13:56:59,2
"262",2.7502,-8.3248,1.4832,2021-12-18 13:57:00,2
"263",4.1253,-12.4872,2.2248,2021-12-18 13:57:01,2
"264",2.7502,-8.3248,1.4832,2021-12-18 13:57:02,2
"265",2.7502,-8.3248,1.4832,2021-12-18 13:57:03,2
"266",4.1253,-12.4872,2.2248,2021-12-18 13:57:04,2
"267",2.7502,-8.3248,1.4832,2021-12-18 13:57:05,2
"268",2.7502,-8.3248,1.4832,2021-12-18 13:57:06,2
"269",2.7502,-8.3248,1.4832,2021-12-18 13:57:07,2
"270",4.1253,-12.4872,2.2248,2021-12-18 13:57:08,2
"271",2.7502,-8.3248,1.4832,2021-12-18 13:57:09,2
"272",2.7502,-8.3248,1.4832,2021-12-18 13:57:10,2
"273",4.1253,-12.4872,2.2248,2021-12-18 13:57:11,2
"274",2.7502,-8.3248,1.4832,2021-12-18 13:57:12,2
"275",2.7502,-8.3248,1.4832,2021-12-18 13:57:13,2
"276",2.7502,-8.3248,1.4832,2021-12-18 13:57:14,2
"277",4.1253,-12.4872,2.2248,2021-12-18 13:57:15,2
"278",2.7502,-8.3248,1.4832,2021-12-18 13:57:16,2
"279",2.7502,-8.3248,1.4832,2021-12-18 13:57:17,2
"280",4.1253,-12.4872,2.2248,2021-12-18 13:57:18,2
"281",2.7502,-8.3248,1.4832,2021-12-18 13:57:19,2
"282",2.7502,-8.3248,1.4832,2021-12-18 13:57:20,2
"283",4.1253,-12.4872,2.2248,2021-12-18 13:57:21,2
"284",2.7502,-8.3248,1.4832,2021-12-18 13:57:22,2
"285",2.7502,-8.3248,1.4832,2021-12-18 13:57:23,2
"286",2.7502,-8.3248,1.4832,2021-12-18 13:57:24,2
"287",4.1253,-12.4872,2.2248,2021-12-18 13:57:25,2
"288",2.7502,-8.3248,1.4832,2021-12-18 13:57:26,2
"289",2.7502,-8.3248,1.4832,2021-12-18 13:57:27,2
"290",2.7502,-8.3248,1.4832,2021-12-18 13:57:28,2
"291",2.7502,-8.3248,1.4832,2021-12-18 13:57:29,2
"292",2.7502,-8.3248,1.4832,2021-12-18 13:57:30,2
"293",2.7502,-8.3248,1.4832,2021-12-18 13:57:31,2
"294",2.7502,-8.3248,1.4832,2021-12-18 13:57:32,2
"295",2.7502,-8.3248,1.4832,2021-12-18 13:57:33,2
"296",2.7502,-8.3248,1.4832,2021-12-18 13:57:34,2
"297",2.7502,-8.3248,1.4832,2021-12-18 13:57:35,2
"298",2.7502,-8.3248,1.4832,2021-12-18 13:57:36,2
"299",2.7502,-8.3248,1.4832,2021-12-18 13:57:37,2
"300",2.7502,-8.3248,1.4832,2021-12-18 13:57:38,2
"301",2.7502,-8.3248,1.4832,2021-12-18 13:57:39,2
"302",2.7502,-8.3248,1.4832,2021-12-18 13:57:40,2
"303",2.7502,-8.3248,1.4832,2021-12-18 13:57:41,2
"304",2.7502,-8.3248,1.4832,2021-12-18 13:57:42,2
"305",2.7502,-8.3248,1.4832,2021-12-18 13:57:43,2
"306",2.7502,-8.3248,1.4832,2021-12-18 13:57:44,2
"307",2.7502,-8.3248,1.4832,2021-12-18 13:57:45,2
"308",2.7502,-8.3248,1.4832,2021-12-18 13:57:46,2
"309",2.7502,-8.3248,1.4832,2021-12-18 13:57:47,2
"310",2.7502,-8.3248,1.4832,2021-12-18 13:57:48,2
"311",2.7502,-8.3248,1.4832,2021-12-18 13:57:49,2
"312",2.7502,-8.3248,1.4832,2021-12-18 13:57:50,2
"313",2.7502,-8.3248,1.4832,2021-12-18 13:57:51,2
"314",2.7502,-8.3248,1.4832,2021-12-18 13:57:52,2
"315",2.7502,-8.3248,1.4832,2021-12-18 13:57:53,2
"316",2.7502,-8.3248,1.4832,2021-12-18 13:57:54,2
"317",2.7502,-8.3248,1.4832,2021-12-18 13:57:55,2
"318",2.7502,-8.3248,1.4832,2021-12-18 13:57:56,2
"319",2.7502,-8.3248,1.4832,2021-12-18 13:57:57,2
"320",2.7502,-8.3248,1.4832,2021-12-18 13:57:58,2
"321",2.7502,-8.3248,1.4832,2021-12-18 13:57:59,2
"322",2.7502,-8.3248,1.4832,2021-12-18 13:58:00,2
"323",2.7502,-8.3248,1.4832,2021-12-18 13:58:01,2
"324",2.7502,-8.3248,1.4832,2021-12-18 13:58:02,2
"325",2.7502,-8.3248,1.4832,2021-12-18 13:58:03,2
"326",2.7502,-8.3248,1.4832,2021-12-18 13:58:04,2
"327",2.7502,-8.3248,1.4832,2021-12-18 13:58:05,2
"328",2.7502,-8.3248,1.4832,2021-12-18 13:58:06,2
"329",2.7502,-8.3248,1.4832,2021-12-18 13:58:07,2
"330",2.7502,-8.3248,1.4832,2021-12-18 13:58:08,2
"331",2.7502,-8.3248,1.4832,2021-12-18 13:58:09,2
"332",2.7502,-8.3248,1.4832,2021-12-18 13:58:10,2
"333",2.7502,-8.3248,1.4832,2021-12-18 13:58:11,2
"334",2.7502,-8.3248,1.4832,2021-12-18 13:58:12,2
"335",2.7502,-8.3248,1.4832,2021-12-18 13:58:13,2
"336",2.7502,-8.3248,1.4832,2021-12-18 13:58:14,2
"337",2.7502,-8.3248,1.4832,2021-12-18 13:58:15,2
"338",2.7502,-8.3248,1.4832,2021-12-18 13:58:16,2
"339",2.7502,-8.3248,1.4832,2021-12-18 13:58:17,2
"340",2.7502,-8.3248,1.4832,2021-12-18 13:58:18,2
"341",2.7502,-8.3248,1.4832,2021-12-18 13:58:19,2
"342",2.7502,-8.3248,1.4832,2021-12-18 13:58:20,2
"343",2.7502,-8.3248,1.4832,2021-12-18 13:58:21,2
"344",2.7502,-8.3248,1.4832,2021-12-18 13:58:22,2
"345",2.7502,-8.3248,1.4832,2021-12-18 13:58:23,2
"346",2.7502,-8.3248,1.4832,2021-12-18 13:58:24,2
"347",2.7502,-8.3248,1.4832,2021-12-18 13:58:25,2
"348",2.7502,-8.3248,1.4832,2021-12-18 13:58:26,2
"349",2.7502,-8.3248,1.4832,2021-12-18 13:58:27,2
"350",2.7502,-8.3248,1.4832,2021-12-18 13:58:28,2
"351",2.7502,-8.3248,1.4832,2021-12-18 13:58:29,2
"352",2.7502,-8.3248,1.4832,2021-12-18 13:58:30,2
"353",2.7502,-8.3248,1.4832,2021-12-18 13:58:31,2
"354",2.7502,-8.3248,1.4832,2021-12-18 13:58:32,2
"355",2.7502,-8.3248,1.4832,2021-12-18 13:58:33,2
"356",2.7502,-8.3248,1.4832,2021-12-18 13:58:34,2
"357",2.7502,-8.3248,1.4832,2021-12-18 13:58:35,2
"358",2.7502,-8.3248,1.4832,2021-12-18 13:58:36,2
"359",2.7502,-8.3248,1.4832,2021-12-18 13:58:37,2
"360",2.7502,-8.3248,1.4832,2021-12-18 13:58:38,2
"361",4.1253,-12.4872,2.2248,2021-12-18 13:58:39,2
"362",2.7502,-8.3248,1.4832,2021-12-18 13:58:40,2
"363",2.7502,-8.3248,1.4832,2021-12-18 13:58:41,2
"364",2.7502,-8.3248,1.4832,2021-12-18 13:58:42,2
"365",2.7502,-8.3248,1.4832,2021-12-18 13:58:43,2
"366",2.7502,-8.3248,1.4832,2021-12-18 13:58:44,2
"367",2.7502,-8.3248,1.4832,2021-12-18 13:58:45,2
"368",2.7502,-8.3248,1.4832,2021-12-18 13:58:46,2
"369",2.7502,-8.3248,1.4832,2021-12-18 13:58:47,2
"370",2.7502,-8.3248,1.4832,2021-12-18 13:58:48,2
"371",2.7502,-8.3248,1.4832,2021-12-18 13:58:49,2
"372",2.7502,-8.3248,1.4832,2021-12-18 13:58:50,2
"373",2.7502,-8.3248,1.4832,2021-12-18 13:58:51,2
"374",2.7502,-8.3248,1.4832,2021-12-18 13:58:52,2
"375",2.7502,-8.3248,1.4832,2021-12-18 13:58:53,2
"376",2.7502,-8.3248,1.4832,2021-12-18 13:58:54,2
"377",1.3751,-4.1624,0.7416,2021-12-18 13:58:55,2
"378",5.5004,-16.6496,2.9664,2021-12-18 13:58:56,2
"379",2.7502,-8.3248,1.4832,2021-12-18 13:58:57,2
"380",2.7502,-8.3248,1.4832,2021-12-18 13:58:58,2
"381",4.1253,-12.4872,2.2248,2021-12-18 13:58:59,2
"382",2.7502,-8.3248,1.4832,2021-12-18 13:59:00,2
"383",2.7502,-8.3248,1.4832,2021-12-18 13:59:01,2
"384",2.7502,-8.3248,1.4832,2021-12-18 13:59:02,2
"385",2.7502,-8.3248,1.4832,2021-12-18 13:59:03,2
"386",2.7502,-8.3248,1.4832,2021-12-18 13:59:04,2
"387",4.1253,-12.4872,2.2248,2021-12-18 13:59:05,2
"388",2.7502,-8.3248,1.4832,2021-12-18 13:59:06,2
"389",2.7502,-8.3248,1.4832,2021-12-18 13:59:07,2
"390",2.7502,-8.3248,1.4832,2021-12-18 13:59:08,2
"391",1.3751,-4.1624,0.7416,2021-12-18 13:59:09,2
"392",4.1253,-12.4872,2.2248,2021-12-18 13:59:10,2
"393",6.8755,-20.812,3.708,2021-12-18 13:59:11,2
"394",1.3751,-4.1624,0.7416,2021-12-18 13:59:12,2
"395",4.1253,-12.4872,2.2248,2021-12-18 13:59:13,2
"396",4.1253,-12.4872,2.2248,2021-12-18 13:59:14,2
"397",2.7502,-8.3248,1.4832,2021-12-18 13:59:15,2
"398",2.7502,-8.3248,1.4832,2021-12-18 13:59:16,2
"399",2.7502,-8.3248,1.4832,2021-12-18 13:59:17,2
"400",2.7502,-8.3248,1.4832,2021-12-18 13:59:18,2
"401",2.7502,-8.3248,1.4832,2021-12-18 13:59:19,2
"402",4.1253,-12.4872,2.2248,2021-12-18 13:59:20,2
"403",2.7502,-8.3248,1.4832,2021-12-18 13:59:21,2
"404",2.7502,-8.3248,1.4832,2021-12-18 13:59:22,2
"405",2.7502,-8.3248,1.4832,2021-12-18 13:59:23,2
"406",4.1253,-12.4872,2.2248,2021-12-18 13:59:24,2
"407",4.1253,-12.4872,2.2248,2021-12-18 13:59:25,2
"408",2.7502,-8.3248,1.4832,2021-12-18 13:59:26,2
"409",2.7502,-8.3248,1.4832,2021-12-18 13:59:27,2
"410",2.7502,-8.3248,1.4832,2021-12-18 13:59:28,2
"411",2.7502,-8.3248,1.4832,2021-12-18 13:59:29,2
"412",4.1253,-12.4872,2.2248,2021-12-18 13:59:30,2
"413",2.7502,-8.3248,1.4832,2021-12-18 13:59:31,2
"414",2.7502,-8.3248,1.4832,2021-12-18 13:59:32,2
"415",2.7502,-8.3248,1.4832,2021-12-18 13:59:33,2
"416",4.1253,-12.4872,2.2248,2021-12-18 13:59:34,2
"417",1.3751,-4.1624,0.7416,2021-12-18 13:59:35,2
"418",4.1253,-12.4872,2.2248,2021-12-18 13:59:36,2
"419",2.7502,-8.3248,1.4832,2021-12-18 13:59:37,2
"420",2.7502,-8.3248,1.4832,2021-12-18 13:59:38,2
"421",4.1253,-12.4872,2.2248,2021-12-18 13:59:39,2
"422",2.7502,-8.3248,1.4832,2021-12-18 13:59:40,2
"423",2.7502,-8.3248,1.4832,2021-12-18 13:59:41,2
"424",2.7502,-8.3248,1.4832,2021-12-18 13:59:42,2
"425",2.7502,-8.3248,1.4832,2021-12-18 13:59:43,2
"426",2.7502,-8.3248,1.4832,2021-12-18 13:59:44,2
"427",2.7502,-8.3248,1.4832,2021-12-18 13:59:45,2
"428",2.7502,-8.3248,1.4832,2021-12-18 13:59:46,2
"429",2.7502,-8.3248,1.4832,2021-12-18 13:59:47,2
"430",5.5004,-16.6496,2.9664,2021-12-18 13:59:48,2
"431",2.7502,-8.3248,1.4832,2021-12-18 13:59:49,2
"432",2.7502,-8.3248,1.4832,2021-12-18 13:59:50,2
"433",2.7502,-8.3248,1.4832,2021-12-18 13:59:51,2
"434",2.7502,-8.3248,1.4832,2021-12-18 13:59:52,2
"435",2.7502,-8.3248,1.4832,2021-12-18 13:59:53,2
"436",2.7502,-8.3248,1.4832,2021-12-18 13:59:54,2
"437",2.7502,-8.3248,1.4832,2021-12-18 13:59:55,2
"438",2.7502,-8.3248,1.4832,2021-12-18 13:59:56,2
"439",2.7502,-8.3248,1.4832,2021-12-18 13:59:57,2
"440",2.7502,-8.3248,1.4832,2021-12-18 13:59:58,2
"441",2.7502,-8.3248,1.4832,2021-12-18 13:59:59,2
"442",4.1253,-12.4872,2.2248,2021-12-18 14:00:00,2
"443",2.7502,-8.3248,1.4832,2021-12-18 14:00:01,2
"444",2.7502,-8.3248,1.4832,2021-12-18 14:00:02,2
"445",2.7502,-8.3248,1.4832,2021-12-18 14:00:03,2
"446",2.7502,-8.3248,1.4832,2021-12-18 14:00:04,2
"447",2.7502,-8.3248,1.4832,2021-12-18 14:00:05,2
"448",2.7502,-8.3248,1.4832,2021-12-18 14:00:06,2
"449",2.7502,-8.3248,1.4832,2021-12-18 14:00:07,2
"450",2.7502,-8.3248,1.4832,2021-12-18 14:00:08,2
"451",2.7502,-8.3248,1.4832,2021-12-18 14:00:09,2
"452",2.7502,-8.3248,1.4832,2021-12-18 14:00:10,2
"453",2.7502,-8.3248,1.4832,2021-12-18 14:00:11,2
"454",2.7502,-8.3248,1.4832,2021-12-18 14:00:12,2
"455",2.7502,-8.3248,1.4832,2021-12-18 14:00:13,2
"456",2.7502,-8.3248,1.4832,2021-12-18 14:00:14,2
"457",2.7502,-8.3248,1.4832,2021-12-18 14:00:15,2
"458",1.3751,-4.1624,0.7416,2021-12-18 14:00:16,2
"459",4.1253,-12.4872,2.2248,2021-12-18 14:00:17,2
"460",1.3751,-4.1624,0.7416,2021-12-18 14:00:18,2
"461",5.5004,-16.6496,2.9664,2021-12-18 14:00:19,2
"462",2.7502,-8.3248,1.4832,2021-12-18 14:00:20,2
"463",2.7502,-8.3248,1.4832,2021-12-18 14:00:21,2
"464",2.7502,-8.3248,1.4832,2021-12-18 14:00:22,2
"465",2.7502,-8.3248,1.4832,2021-12-18 14:00:23,2
"466",2.7502,-8.3248,1.4832,2021-12-18 14:00:24,2
"467",2.7502,-8.3248,1.4832,2021-12-18 14:00:25,2
"468",2.7502,-8.3248,1.4832,2021-12-18 14:00:26,2
"469",2.7502,-8.3248,1.4832,2021-12-18 14:00:27,2
"470",2.7502,-8.3248,1.4832,2021-12-18 14:00:28,2
"471",2.7502,-8.3248,1.4832,2021-12-18 14:00:29,2
"472",2.7502,-8.3248,1.4832,2021-12-18 14:00:30,2
"473",2.7502,-8.3248,1.4832,2021-12-18 14:00:31,2
"474",2.7502,-8.3248,1.4832,2021-12-18 14:00:32,2
"475",2.7502,-8.3248,1.4832,2021-12-18 14:00:33,2
"476",2.7502,-8.3248,1.4832,2021-12-18 14:00:34,2
"477",2.7502,-8.3248,1.4832,2021-12-18 14:00:35,2
"478",2.7502,-8.3248,1.4832,2021-12-18 14:00:36,2
"479",2.7502,-8.3248,1.4832,2021-12-18 14:00:37,2
"480",4.1253,-12.4872,2.2248,2021-12-18 14:00:38,2
"481",1.3751,-4.1624,0.7416,2021-12-18 14:00:39,2
"482",5.5004,-16.6496,2.9664,2021-12-18 14:00:40,2
"483",4.1253,-12.4872,2.2248,2021-12-18 14:00:41,2
"484",2.7502,-8.3248,1.4832,2021-12-18 14:00:42,2
"485",2.7502,-8.3248,1.4832,2021-12-18 14:00:43,2
"486",2.7502,-8.3248,1.4832,2021-12-18 14:00:44,2
"487",4.1253,-12.4872,2.2248,2021-12-18 14:00:45,2
"488",2.7502,-8.3248,1.4832,2021-12-18 14:00:46,2
"489",2.7502,-8.3248,1.4832,2021-12-18 14:00:47,2
"490",2.7502,-8.3248,1.4832,2021-12-18 14:00:48,2
"491",2.7502,-8.3248,1.4832,2021-12-18 14:00:49,2
"492",2.7502,-8.3248,1.4832,2021-12-18 14:00:50,2
"493",2.7502,-8.3248,1.4832,2021-12-18 14:00:51,2
"494",1.3751,-4.1624,0.7416,2021-12-18 14:00:52,2
"495",2.7502,-8.3248,1.4832,2021-12-18 14:00:53,2
"496",4.1253,-12.4872,2.2248,2021-12-18 14:00:54,2
"497",2.7502,-8.3248,1.4832,2021-12-18 14:00:55,2
"498",2.7502,-8.3248,1.4832,2021-12-18 14:00:56,2
"499",2.7502,-8.3248,1.4832,2021-12-18 14:00:57,2
"500",2.7502,-8.3248,1.4832,2021-12-18 14:00:58,2
"501",2.7502,-8.3248,1.4832,2021-12-18 14:00:59,2
"502",2.7502,-8.3248,1.4832,2021-12-18 14:01:00,2
"503",4.1253,-12.4872,2.2248,2021-12-18 14:01:01,2
"504",2.7502,-8.3248,1.4832,2021-12-18 14:01:02,2
"505",2.7502,-8.3248,1.4832,2021-12-18 14:01:03,2
"506",1.3751,-4.1624,0.7416,2021-12-18 14:01:04,2
"507",4.1253,-12.4872,2.2248,2021-12-18 14:01:05,2
"508",2.7502,-8.3248,1.4832,2021-12-18 14:01:06,2
"509",2.7502,-8.3248,1.4832,2021-12-18 14:01:07,2
"510",2.7502,-8.3248,1.4832,2021-12-18 14:01:08,2
"511",1.3751,-4.1624,0.7416,2021-12-18 14:01:09,2
"512",4.1253,-12.4872,2.2248,2021-12-18 14:01:10,2
"513",2.7502,-8.3248,1.4832,2021-12-18 14:01:11,2
"514",2.7502,-8.3248,1.4832,2021-12-18 14:01:12,2
"515",4.1253,-12.4872,2.2248,2021-12-18 14:01:13,2
"516",2.7502,-8.3248,1.4832,2021-12-18 14:01:14,2
"517",2.7502,-8.3248,1.4832,2021-12-18 14:01:15,2
"518",2.7502,-8.3248,1.4832,2021-12-18 14:01:16,2
"519",2.7502,-8.3248,1.4832,2021-12-18 14:01:17,2
"520",2.7502,-8.3248,1.4832,2021-12-18 14:01:18,2
"521",2.7502,-8.3248,1.4832,2021-12-18 14:01:19,2
"522",2.7502,-8.3248,1.4832,2021-12-18 14:01:20,2
"523",1.3751,-4.1624,0.7416,2021-12-18 14:01:21,2
"524",2.7502,-8.3248,1.4832,2021-12-18 14:01:22,2
"525",4.1253,-12.4872,2.2248,2021-12-18 14:01:23,2
"526",4.1253,-12.4872,2.2248,2021-12-18 14:01:24,2
"527",2.7502,-8.3248,1.4832,2021-12-18 14:01:25,2
"528",1.3751,-4.1624,0.7416,2021-12-18 14:01:26,2
"529",4.1253,-12.4872,2.2248,2021-12-18 14:01:27,2
"530",2.7502,-8.3248,1.4832,2021-12-18 14:01:28,2
"531",2.7502,-8.3248,1.4832,2021-12-18 14:01:29,2
"532",4.1253,-12.4872,2.2248,2021-12-18 14:01:30,2
"533",2.7502,-8.3248,1.4832,2021-12-18 14:01:31,2
"534",2.7502,-8.3248,1.4832,2021-12-18 14:01:32,2
"535",2.7502,-8.3248,1.4832,2021-12-18 14:01:33,2
"536",4.1253,-12.4872,2.2248,2021-12-18 14:01:34,2
"537",2.7502,-8.3248,1.4832,2021-12-18 14:01:35,2
"538",1.3751,-4.1624,0.7416,2021-12-18 14:01:36,2
"539",4.1253,-12.4872,2.2248,2021-12-18 14:01:37,2
"540",2.7502,-8.3248,1.4832,2021-12-18 14:01:38,2
"541",2.7502,-8.3248,1.4832,2021-12-18 14:01:39,2
"542",4.1253,-12.4872,2.2248,2021-12-18 14:01:40,2
"543",4.1253,-12.4872,2.2248,2021-12-18 14:01:41,2
"544",2.7502,-8.3248,1.4832,2021-12-18 14:01:42,2
"545",2.7502,-8.3248,1.4832,2021-12-18 14:01:43,2
"546",4.1253,-12.4872,2.2248,2021-12-18 14:01:44,2
"547",2.7502,-8.3248,1.4832,2021-12-18 14:01:45,2
"548",2.7502,-8.3248,1.4832,2021-12-18 14:01:46,2
"549",2.7502,-8.3248,1.4832,2021-12-18 14:01:47,2
"550",2.7502,-8.3248,1.4832,2021-12-18 14:01:48,2
"551",2.7502,-8.3248,1.4832,2021-12-18 14:01:49,2
"552",2.7502,-8.3248,1.4832,2021-12-18 14:01:50,2
"553",2.7502,-8.3248,1.4832,2021-12-18 14:01:51,2
"554",2.7502,-8.3248,1.4832,2021-12-18 14:01:52,2
"555",2.7502,-8.3248,1.4832,2021-12-18 14:01:53,2
"556",2.7502,-8.3248,1.4832,2021-12-18 14:01:54,2
"557",4.1253,-12.4872,2.2248,2021-12-18 14:01:55,2
"558",1.3751,-4.1624,0.7416,2021-12-18 14:01:56,2
"559",5.5004,-16.6496,2.9664,2021-12-18 14:01:57,2
"560",2.7502,-8.3248,1.4832,2021-12-18 14:01:58,2
"561",2.7502,-8.3248,1.4832,2021-12-18 14:01:59,2
"562",2.7502,-8.3248,1.4832,2021-12-18 14:02:00,2
"563",2.7502,-8.3248,1.4832,2021-12-18 14:02:01,2
"564",2.7502,-8.3248,1.4832,2021-12-18 14:02:02,2
"565",2.7502,-8.3248,1.4832,2021-12-18 14:02:03,2
"566",4.1253,-12.4872,2.2248,2021-12-18 14:02:04,2
"567",2.7502,-8.3248,1.4832,2021-12-18 14:02:05,2
"568",2.7502,-8.3248,1.4832,2021-12-18 14:02:06,2
"569",2.7502,-8.3248,1.4832,2021-12-18 14:02:07,2
"570",2.7502,-8.3248,1.4832,2021-12-18 14:02:08,2
"571",2.7502,-8.3248,1.4832,2021-12-18 14:02:09,2
"572",2.7502,-8.3248,1.4832,2021-12-18 14:02:10,2
"573",2.7502,-8.3248,1.4832,2021-12-18 14:02:11,2
"574",2.7502,-8.3248,1.4832,2021-12-18 14:02:12,2
"575",2.7502,-8.3248,1.4832,2021-12-18 14:02:13,2
"576",4.1253,-12.4872,2.2248,2021-12-18 14:02:14,2
"577",2.7502,-8.3248,1.4832,2021-12-18 14:02:15,2
"578",2.7502,-8.3248,1.4832,2021-12-18 14:02:16,2
"579",2.7502,-8.3248,1.4832,2021-12-18 14:02:17,2
"580",2.7502,-8.3248,1.4832,2021-12-18 14:02:18,2
"581",2.7502,-8.3248,1.4832,2021-12-18 14:02:19,2
"582",4.1253,-12.4872,2.2248,2021-12-18 14:02:20,2
"583",2.7502,-8.3248,1.4832,2021-12-18 14:02:21,2
"584",2.7502,-8.3248,1.4832,2021-12-18 14:02:22,2
"585",2.7502,-8.3248,1.4832,2021-12-18 14:02:23,2
"586",2.7502,-8.3248,1.4832,2021-12-18 14:02:24,2
"587",2.7502,-8.3248,1.4832,2021-12-18 14:02:25,2
"588",4.1253,-12.4872,2.2248,2021-12-18 14:02:26,2
"589",2.7502,-8.3248,1.4832,2021-12-18 14:02:27,2
"590",2.7502,-8.3248,1.4832,2021-12-18 14:02:28,2
"591",4.1253,-12.4872,2.2248,2021-12-18 14:02:29,2
"592",2.7502,-8.3248,1.4832,2021-12-18 14:02:30,2
"593",2.7502,-8.3248,1.4832,2021-12-18 14:02:31,2
"594",2.7502,-8.3248,1.4832,2021-12-18 14:02:32,2
"595",1.3751,-4.1624,0.7416,2021-12-18 14:02:33,2
"596",4.1253,-12.4872,2.2248,2021-12-18 14:02:34,2
"597",2.7502,-8.3248,1.4832,2021-12-18 14:02:35,2
"598",2.7502,-8.3248,1.4832,2021-12-18 14:02:36,2
"599",2.7502,-8.3248,1.4832,2021-12-18 14:02:37,2
"600",4.1253,-12.4872,2.2248,2021-12-18 14:02:38,2
"601",2.7502,-8.3248,1.4832,2021-12-18 14:02:39,2
"602",2.7502,-8.3248,1.4832,2021-12-18 14:02:40,2
"603",4.1253,-12.4872,2.2248,2021-12-18 14:02:41,2
"604",2.7502,-8.3248,1.4832,2021-12-18 14:02:42,2
"605",2.7502,-8.3248,1.4832,2021-12-18 14:02:43,2
"606",2.7502,-8.3248,1.4832,2021-12-18 14:02:44,2
"607",2.7502,-8.3248,1.4832,2021-12-18 14:02:45,2
"608",2.7502,-8.3248,1.4832,2021-12-18 14:02:46,2
"609",2.7502,-8.3248,1.4832,2021-12-18 14:02:47,2
"610",2.7502,-8.3248,1.4832,2021-12-18 14:02:48,2
"611",2.7502,-8.3248,1.4832,2021-12-18 14:02:49,2
"612",2.7502,-8.3248,1.4832,2021-12-18 14:02:50,2
"613",2.7502,-8.3248,1.4832,2021-12-18 14:02:51,2
"614",2.7502,-8.3248,1.4832,2021-12-18 14:02:52,2
"615",2.7502,-8.3248,1.4832,2021-12-18 14:02:53,2
"616",2.7502,-8.3248,1.4832,2021-12-18 14:02:54,2
"617",2.7502,-8.3248,1.4832,2021-12-18 14:02:55,2
"618",2.7502,-8.3248,1.4832,2021-12-18 14:02:56,2
"619",4.1253,-12.4872,2.2248,2021-12-18 14:02:57,2
"620",2.7502,-8.3248,1.4832,2021-12-18 14:02:58,2
"621",2.7502,-8.3248,1.4832,2021-12-18 14:02:59,2
"622",2.7502,-8.3248,1.4832,2021-12-18 14:03:00,2
"623",2.7502,-8.3248,1.4832,2021-12-18 14:03:01,2
"624",2.7502,-8.3248,1.4832,2021-12-18 14:03:02,2
"625",2.7502,-8.3248,1.4832,2021-12-18 14:03:03,2
"626",2.7502,-8.3248,1.4832,2021-12-18 14:03:04,2
"627",2.7502,-8.3248,1.4832,2021-12-18 14:03:05,2
"628",2.7502,-8.3248,1.4832,2021-12-18 14:03:06,2
"629",2.7502,-8.3248,1.4832,2021-12-18 14:03:07,2
"630",2.7502,-8.3248,1.4832,2021-12-18 14:03:08,2
"631",2.7502,-8.3248,1.4832,2021-12-18 14:03:09,2
"632",2.7502,-8.3248,1.4832,2021-12-18 14:03:10,2
"633",2.7502,-8.3248,1.4832,2021-12-18 14:03:11,2
"634",2.7502,-8.3248,1.4832,2021-12-18 14:03:12,2
"635",2.7502,-8.3248,1.4832,2021-12-18 14:03:13,2
"636",2.7502,-8.3248,1.4832,2021-12-18 14:03:14,2
"637",2.7502,-8.3248,1.4832,2021-12-18 14:03:15,2
"638",2.7502,-8.3248,1.4832,2021-12-18 14:03:16,2
"639",2.7502,-8.3248,1.4832,2021-12-18 14:03:17,2
"640",2.7502,-8.3248,1.4832,2021-12-18 14:03:18,2
"641",2.7502,-8.3248,1.4832,2021-12-18 14:03:19,2
"642",2.7502,-8.3248,1.4832,2021-12-18 14:03:20,2
"643",2.7502,-8.3248,1.4832,2021-12-18 14:03:21,2
"644",2.7502,-8.3248,1.4832,2021-12-18 14:03:22,2
"645",2.7502,-8.3248,1.4832,2021-12-18 14:03:23,2
"646",2.7502,-8.3248,1.4832,2021-12-18 14:03:24,2
"647",2.7502,-8.3248,1.4832,2021-12-18 14:03:25,2
"648",2.7502,-8.3248,1.4832,2021-12-18 14:03:26,2
"649",2.7502,-8.3248,1.4832,2021-12-18 14:03:27,2
"650",2.7502,-8.3248,1.4832,2021-12-18 14:03:28,2
"651",2.7502,-8.3248,1.4832,2021-12-18 14:03:29,2
"652",2.7502,-8.3248,1.4832,2021-12-18 14:03:30,2
"653",2.7502,-8.3248,1.4832,2021-12-18 14:03:31,2
"654",2.7502,-8.3248,1.4832,2021-12-18 14:03:32,2
"655",2.7502,-8.3248,1.4832,2021-12-18 14:03:33,2
"656",2.7502,-8.3248,1.4832,2021-12-18 14:03:34,2
"657",2.7502,-8.3248,1.4832,2021-12-18 14:03:35,2
"658",2.7502,-8.3248,1.4832,2021-12-18 14:03:36,2
"659",2.7502,-8.3248,1.4832,2021-12-18 14:03:37,2
"660",2.7502,-8.3248,1.4832,2021-12-18 14:03:38,2
"661",2.7502,-8.3248,1.4832,2021-12-18 14:03:39,2
"662",2.7502,-8.3248,1.4832,2021-12-18 14:03:40,2
"663",2.7502,-8.3248,1.4832,2021-12-18 14:03:41,2
"664",2.7502,-8.3248,1.4832,2021-12-18 14:03:42,2
"665",2.7502,-8.3248,1.4832,2021-12-18 14:03:43,2
"666",2.7502,-8.3248,1.4832,2021-12-18 14:03:44,2
"667",2.7502,-8.3248,1.4832,2021-12-18 14:03:45,2
"668",2.7502,-8.3248,1.4832,2021-12-18 14:03:46,2
"669",2.7502,-8.3248,1.4832,2021-12-18 14:03:47,2
"670",2.7502,-8.3248,1.4832,2021-12-18 14:03:48,2
"671",2.7502,-8.3248,1.4832,2021-12-18 14:03:49,2
"672",2.7502,-8.3248,1.4832,2021-12-18 14:03:50,2
"673",2.7502,-8.3248,1.4832,2021-12-18 14:03:51,2
"674",2.7502,-8.3248,1.4832,2021-12-18 14:03:52,2
"675",2.7502,-8.3248,1.4832,2021-12-18 14:03:53,2
"676",2.7502,-8.3248,1.4832,2021-12-18 14:03:54,2
"677",2.7502,-8.3248,1.4832,2021-12-18 14:03:55,2
"678",2.7502,-8.3248,1.4832,2021-12-18 14:03:56,2
"679",2.7502,-8.3248,1.4832,2021-12-18 14:03:57,2
"680",2.7502,-8.3248,1.4832,2021-12-18 14:03:58,2
"681",2.7502,-8.3248,1.4832,2021-12-18 14:03:59,2
"682",2.7502,-8.3248,1.4832,2021-12-18 14:04:00,2
"683",2.7502,-8.3248,1.4832,2021-12-18 14:04:01,2
"684",2.7502,-8.3248,1.4832,2021-12-18 14:04:02,2
"685",6.8755,-20.812,3.708,2021-12-18 14:04:03,2
"686",2.7502,-8.3248,1.4832,2021-12-18 14:04:04,2
"687",2.7502,-8.3248,1.4832,2021-12-18 14:04:05,2
"688",2.7502,-8.3248,1.4832,2021-12-18 14:04:06,2
"689",2.7502,-8.3248,1.4832,2021-12-18 14:04:07,2
"690",4.1253,-12.4872,2.2248,2021-12-18 14:04:08,2
"691",2.7502,-8.3248,1.4832,2021-12-18 14:04:09,2
"692",4.1253,-12.4872,2.2248,2021-12-18 14:04:10,2
"693",5.5004,-16.6496,2.9664,2021-12-18 14:04:11,2
"694",2.7502,-8.3248,1.4832,2021-12-18 14:04:12,2
"695",2.7502,-8.3248,1.4832,2021-12-18 14:04:13,2
"696",2.7502,-8.3248,1.4832,2021-12-18 14:04:14,2
"697",2.7502,-8.3248,1.4832,2021-12-18 14:04:15,2
"698",2.7502,-8.3248,1.4832,2021-12-18 14:04:16,2
"699",2.7502,-8.3248,1.4832,2021-12-18 14:04:17,2
"700",4.1253,-12.4872,2.2248,2021-12-18 14:04:18,2
"701",4.1253,-12.4872,2.2248,2021-12-18 14:04:19,2
"702",2.7502,-8.3248,1.4832,2021-12-18 14:04:20,2
"703",2.7502,-8.3248,1.4832,2021-12-18 14:04:21,2
"704",2.7502,-8.3248,1.4832,2021-12-18 14:04:22,2
"705",2.7502,-8.3248,1.4832,2021-12-18 14:04:23,2
"706",2.7502,-8.3248,1.4832,2021-12-18 14:04:24,2
"707",2.7502,-8.3248,1.4832,2021-12-18 14:04:25,2
"708",4.1253,-12.4872,2.2248,2021-12-18 14:04:26,2
"709",2.7502,-8.3248,1.4832,2021-12-18 14:04:27,2
"710",2.7502,-8.3248,1.4832,2021-12-18 14:04:28,2
"711",4.1253,-12.4872,2.2248,2021-12-18 14:04:29,2
"712",2.7502,-8.3248,1.4832,2021-12-18 14:04:30,2
"713",2.7502,-8.3248,1.4832,2021-12-18 14:04:31,2
"714",2.7502,-8.3248,1.4832,2021-12-18 14:04:32,2
"715",2.7502,-8.3248,1.4832,2021-12-18 14:04:33,2
"716",5.5004,-16.6496,2.9664,2021-12-18 14:04:34,2
"717",2.7502,-8.3248,1.4832,2021-12-18 14:04:35,2
"718",2.7502,-8.3248,1.4832,2021-12-18 14:04:36,2
"719",2.7502,-8.3248,1.4832,2021-12-18 14:04:37,2
"720",6.8755,-20.812,3.708,2021-12-18 14:04:38,2
"721",2.7502,-8.3248,1.4832,2021-12-18 14:04:39,2
"722",2.7502,-8.3248,1.4832,2021-12-18 14:04:40,2
"723",0.4211,-3.7493,0.4104,2021-12-18 14:04:41,2
"724",-0.5761,-1.2143,3.7561,2021-12-18 14:04:42,2
"725",0.73,2.0715,6.0883,2021-12-18 14:04:43,2
"726",-5.2797,-3.2812,-1.68,2021-12-18 14:04:44,2
"727",1.7724,-1.2828,1.0342,2021-12-18 14:04:45,2
"728",-1.649,-0.9193,-1.795,2021-12-18 14:04:46,2
"729",-5.4316,1.2116,-7.0354,2021-12-18 14:04:47,2
"730",-0.6071,0.4322,1.8642,2021-12-18 14:04:48,2
"731",-0.5872,1.9039,7.133,2021-12-18 14:04:49,2
"732",-1.308,-0.081,5.5324,2021-12-18 14:04:50,2
"733",-0.0571,1.0487,2.6875,2021-12-18 14:04:51,2
"734",-0.8605,3.1193,-4.9881,2021-12-18 14:04:52,2
"735",0.0574,-0.6959,-0.0647000000000002,2021-12-18 14:04:53,2
"736",3.4682,-0.3935,-7.0435,2021-12-18 14:04:54,2
"737",2.3528,-4.3166,-2.1403,2021-12-18 14:04:55,2
"738",4.2637,4.455,-11.5718,2021-12-18 14:04:56,2
"739",0.7855,-2.1846,-0.729,2021-12-18 14:04:57,2
"740",-0.4429,1.2579,5.1899,2021-12-18 14:04:58,2
"741",0.3731,1.3579,5.7752,2021-12-18 14:04:59,2
"742",-0.8569,1.6254,7.4909,2021-12-18 14:05:00,2
"743",0.576,0.3464,2.6224,2021-12-18 14:05:01,2
"744",1.5942,2.2023,4.6996,2021-12-18 14:05:02,2
"745",0.4734,0.188,-0.6809,2021-12-18 14:05:03,2
"746",3.2783,6.043,-12.2938,2021-12-18 14:05:04,2
"747",1.0414,-1.0656,3.1368,2021-12-18 14:05:05,2
"748",1.3093,0.2951,-2.5058,2021-12-18 14:05:06,2
"749",-0.4217,-0.5027,-0.1627,2021-12-18 14:05:07,2
"750",0.1696,-0.0499,-0.6075,2021-12-18 14:05:08,2
"751",0.2132,0.3461,-0.6095,2021-12-18 14:05:09,2
"752",-0.1475,-0.096,-0.0637,2021-12-18 14:05:10,2
"753",-1.5035,-0.5996,0.1681,2021-12-18 14:05:11,2
"754",1.759,-0.6723,3.7499,2021-12-18 14:05:12,2
"755",3.0206,-3.0872,8.9772,2021-12-18 14:05:13,2
"756",1.7624,2.081,-5.7497,2021-12-18 14:05:14,2
"757",-1.442,0.2052,2.035,2021-12-18 14:05:15,2
"758",-0.0523,2.0926,5.3976,2021-12-18 14:05:16,2
"759",1.0564,2.2023,-3.294,2021-12-18 14:05:17,2
"760",-0.9423,-0.5245,6.5933,2021-12-18 14:05:18,2
"761",-0.0633999999999999,3.1694,-3.8151,2021-12-18 14:05:19,2
"762",10.7264,-2.0807,9.2067,2021-12-18 14:05:20,2
"763",6.8989,1.7099,-24.7508,2021-12-18 14:05:21,2
"764",0.0744,-1.5901,2.5503,2021-12-18 14:05:22,2
"765",-0.1407,0.0913,0.1782,2021-12-18 14:05:23,2
"766",0.0914,1.966,1.7301,2021-12-18 14:05:24,2
"767",-5.9977,-0.7279,-1.8453,2021-12-18 14:05:25,2
"768",0.3071,-0.4306,-0.3081,2021-12-18 14:05:26,2
"769",-1.7272,2.2952,-1.6562,2021-12-18 14:05:27,2
"770",1.2285,-4.0455,1.2859,2021-12-18 14:05:28,2
"771",-13.0744,-8.0254,-2.2569,2021-12-18 14:05:29,2
"772",-3.1173,-0.0687000000000006,-6.9008,2021-12-18 14:05:30,2
"773",2.8805,-1.7176,-0.0937999999999999,2021-12-18 14:05:31,2
"774",0.102,-3.5065,2.3777,2021-12-18 14:05:32,2
"775",-2.82,-1.8621,-1.5638,2021-12-18 14:05:33,2
"776",-1.9268,0.595,-4.4361,2021-12-18 14:05:34,2
"777",0.0106999999999999,-4.2544,-3.2958,2021-12-18 14:05:35,2
"778",1.1076,-2.0315,1.4628,2021-12-18 14:05:36,2
"779",1.5887,-3.4692,-1.0259,2021-12-18 14:05:37,2
"780",-0.383,-0.6366,0.6776,2021-12-18 14:05:38,2
"781",-0.3412,1.4179,2.6003,2021-12-18 14:05:39,2
"782",0.6494,3.1242,7.8625,2021-12-18 14:05:40,2
"783",0.567,3.1582,6.0609,2021-12-18 14:05:41,2
"784",0.3552,2.0185,-2.0298,2021-12-18 14:05:42,2
"785",0.5641,2.3686,-4.0397,2021-12-18 14:05:43,2
"786",3.0541,1.0881,-5.0639,2021-12-18 14:05:44,2
"787",1.7339,-6.475,-5.5652,2021-12-18 14:05:45,2
"788",-2.2755,-2.0895,-8.588,2021-12-18 14:05:46,2
"789",-1.6878,3.6543,11.4366,2021-12-18 14:05:47,2
"790",5.2172,-7.237,1.1476,2021-12-18 14:05:48,2
"791",80.0486,-19.2103,-72.1859,2021-12-18 14:05:49,2
"792",-3.3813,-4.2834,5.5358,2021-12-18 14:05:50,2
"793",3.6125,-41.8709,0.384300000000002,2021-12-18 14:05:51,2
"794",-1.9252,0.1333,2.3503,2021-12-18 14:05:52,2
"795",-15.9433,-41.4939,4.7746,2021-12-18 14:05:53,2
"796",-3.9746,-4.565,4.0914,2021-12-18 14:05:54,2
"797",25.9721,3.836,-20.7361,2021-12-18 14:05:55,2
"798",9.9069,-41.6966,5.4464,2021-12-18 14:05:56,2
"799",0.2309,-5.1376,-1.2598,2021-12-18 14:05:57,2
"800",1.8163,-1.1967,-1.3305,2021-12-18 14:05:58,2
"801",0.3041,-3.5832,-3.5631,2021-12-18 14:05:59,2
"802",1.3478,2.3664,1.0125,2021-12-18 14:06:00,2
"803",0.4632,-0.6166,-1.4635,2021-12-18 14:06:01,2
"804",-0.7304,22.6286,6.7421,2021-12-18 14:06:02,2
"805",-1.5552,5.8222,-9.8609,2021-12-18 14:06:03,2
"806",-0.6732,0.4802,6.1168,2021-12-18 14:06:04,2
"807",-2.0097,-4.2729,4.4968,2021-12-18 14:06:05,2
"808",14.7906,-18.8322,4.209,2021-12-18 14:06:06,2
"809",-0.3861,-1.0907,1.3851,2021-12-18 14:06:07,2
"810",0.748,5.0059,-7.6634,2021-12-18 14:06:08,2
"811",-2.3016,0.1083,1.164,2021-12-18 14:06:09,2
"812",0.00429999999999997,0.5137,5.7679,2021-12-18 14:06:10,2
"813",2.0321,-2.2897,0.0797999999999996,2021-12-18 14:06:11,2
"814",2.7501,-6.9588,-0.6245,2021-12-18 14:06:12,2
"815",0.8544,-2.2767,-7.0328,2021-12-18 14:06:13,2
"816",4.5416,5.4206,-2.3025,2021-12-18 14:06:14,2
"817",-0.276,-2.7755,3.4457,2021-12-18 14:06:15,2
"818",-39.1068,55.599,-13.9665,2021-12-18 14:06:16,2
"819",5.39,-27.2437,-5.6085,2021-12-18 14:06:17,2
"820",3.7088,0.2478,-3.5872,2021-12-18 14:06:18,2
"821",-17.1179,4.08,-16.2363,2021-12-18 14:06:19,2
"822",-0.3486,-2.4012,4.4186,2021-12-18 14:06:20,2
"823",-3.0952,-8.328,5.1569,2021-12-18 14:06:21,2
"824",-1.6759,6.7551,0.6449,2021-12-18 14:06:22,2
"825",-23.6047,19.2954,1.2902,2021-12-18 14:06:23,2
"826",-0.8773,0.2168,-3.4204,2021-12-18 14:06:24,2
"827",-3.2943,-11.4811,14.7212,2021-12-18 14:06:25,2
"828",0.4847,-4.0726,0.6475,2021-12-18 14:06:26,2
"829",2.8838,0.9116,-0.3701,2021-12-18 14:06:27,2
"830",0.1178,-2.0666,-0.8979,2021-12-18 14:06:28,2
"831",5.1054,-21.2001,2.3075,2021-12-18 14:06:29,2
"832",1.8685,-1.5827,1.5374,2021-12-18 14:06:30,2
"833",-4.2214,6.4018,0.5598,2021-12-18 14:06:31,2
"834",0.4596,-0.0916,-2.0891,2021-12-18 14:06:32,2
"835",-0.2481,1.2188,-4.0827,2021-12-18 14:06:33,2
"836",2.8018,-0.2249,-1.1997,2021-12-18 14:06:34,2
"837",0.5119,0.1603,-0.8317,2021-12-18 14:06:35,2
"838",-0.0528,0.2283,0.39,2021-12-18 14:06:36,2
"839",0.0245,0.0505,-0.0205,2021-12-18 14:06:37,2
"840",-0.0142,0.0573,0.0098,2021-12-18 14:06:38,2
"841",0.0343,0.0864,-9e-04,2021-12-18 14:06:39,2
"842",-1.355,-0.2198,3.0229,2021-12-18 14:06:40,2
"843",4.0325,5.8449,-8.523,2021-12-18 14:06:41,2
"844",-0.5873,8.7449,-7.6748,2021-12-18 14:06:42,2
"845",2.0044,-7.999,1.8099,2021-12-18 14:06:43,2
"846",-0.6826,-0.9711,-1.2755,2021-12-18 14:06:44,2
"847",-0.6758,-0.3249,0.7817,2021-12-18 14:06:45,2
"848",-1.2765,0.0263,0.6225,2021-12-18 14:06:46,2
"849",2.3833,-3.5091,-2.8515,2021-12-18 14:06:47,2
"850",0.6347,-7.1863,1.8956,2021-12-18 14:06:48,2
"851",3.4001,1.0609,3.4041,2021-12-18 14:06:49,2
"852",-2.926,-0.206899999999999,-0.00499999999999989,2021-12-18 14:06:50,2
"853",-5.6003,6.776,-7.1975,2021-12-18 14:06:51,2
"854",-2.2255,3.1988,10.1262,2021-12-18 14:06:52,2
"855",3.0183,-3.9541,-1.3696,2021-12-18 14:06:53,2
"856",-0.6718,-1.5073,-3.6015,2021-12-18 14:06:54,2
"857",0.8293,0.1193,-0.3367,2021-12-18 14:06:55,2
"858",-0.33,-2.697,1.9155,2021-12-18 14:06:56,2
"859",-3.2,-15.6409,-19.8291,2021-12-18 14:06:57,2
"860",-5.9693,-3.665,6.1141,2021-12-18 14:06:58,2
"861",-3.494,3.8895,9.1903,2021-12-18 14:06:59,2
"862",3.0615,-12.1045,-7.7948,2021-12-18 14:07:00,2
"863",0.4302,1.2996,6.4214,2021-12-18 14:07:01,2
"864",1.1608,-6.312,-1.7755,2021-12-18 14:07:02,2
"865",0.461,-8.0334,-1.6978,2021-12-18 14:07:03,2
"866",-2.7294,-4.9045,-1.242,2021-12-18 14:07:04,2
"867",-1.7878,-0.3696,1.3323,2021-12-18 14:07:05,2
"868",-11.9195,13.4588,-2.8701,2021-12-18 14:07:06,2
"869",-14.4192,27.0485,2.129,2021-12-18 14:07:07,2
"870",-2.1345,-1.7245,6.3079,2021-12-18 14:07:08,2
"871",0.3961,-3.1986,0.2335,2021-12-18 14:07:09,2
"872",-1.0841,-7.8622,6.9159,2021-12-18 14:07:10,2
"873",3.4251,-12.4384,1.6464,2021-12-18 14:07:11,2
"874",7.1739,-9.939,-13.1332,2021-12-18 14:07:12,2
"875",-4.0506,-1.411,6.2352,2021-12-18 14:07:13,2
"876",-0.3406,1.4247,-4.0409,2021-12-18 14:07:14,2
"877",2.7334,-19.3896,0.4848,2021-12-18 14:07:15,2
"878",-2.2318,-3.6583,-4.4769,2021-12-18 14:07:16,2
"879",-2.071,11.9814,5.0455,2021-12-18 14:07:17,2
"880",0.4836,2.6441,-5.9352,2021-12-18 14:07:18,2
"881",-7.3843,-3.385,9.1054,2021-12-18 14:07:19,2
"882",-0.8492,-1.1642,3.0033,2021-12-18 14:07:20,2
"883",10.9539,-36.1124,-0.7608,2021-12-18 14:07:21,2
"884",-3.8005,3.2729,-0.0947,2021-12-18 14:07:22,2
"885",0.3186,1.8343,4.0896,2021-12-18 14:07:23,2
"886",4.5349,-7.7329,-0.4568,2021-12-18 14:07:24,2
"887",1.166,-0.8538,-2.7088,2021-12-18 14:07:25,2
"888",-1.1405,-2.8275,0.8652,2021-12-18 14:07:26,2
"889",1.0281,0.4188,0.3393,2021-12-18 14:07:27,2
"890",-0.6158,-0.0291,-0.0299,2021-12-18 14:07:28,2
"891",-1.8026,0.2417,2.7161,2021-12-18 14:07:29,2
"892",0.1043,0.4965,-2.842,2021-12-18 14:07:30,2
"893",-1.9569,2.0914,0.6962,2021-12-18 14:07:31,2
"894",-0.8113,-1.1563,-0.732,2021-12-18 14:07:32,2
"895",-1.0068,-2.659,0.3488,2021-12-18 14:07:33,2
"896",7.274,6.1972,-14.3683,2021-12-18 14:07:34,2
"897",-0.4485,2.1587,-4.5618,2021-12-18 14:07:35,2
"898",3.4461,-6.7512,-11.8957,2021-12-18 14:07:36,2
"899",-2.4776,-6.9444,-7.269,2021-12-18 14:07:37,2
"900",0.8503,-2.7902,-0.0163,2021-12-18 14:07:38,2
